#-----------------------------------------------------------
# Vivado v2024.1.1 (64-bit)
# SW Build 5094488 on Fri Jun 14 08:57:50 MDT 2024
# IP Build 5091682 on Fri Jun 14 16:55:04 MDT 2024
# SharedData Build 5094118 on Fri Jun 14 01:09:43 MDT 2024
# Start of session at: Thu Oct 31 15:43:07 2024
# Process ID: 48099
# Current directory: /home/andrea/Documents/Genesys2_SVD_IPbus_ToBeDeleted/Genesys2_SVD
# Command line: vivado
# Log file: /home/andrea/Documents/Genesys2_SVD_IPbus_ToBeDeleted/Genesys2_SVD/vivado.log
# Journal file: /home/andrea/Documents/Genesys2_SVD_IPbus_ToBeDeleted/Genesys2_SVD/vivado.jou
# Running On        :localhost.localdomain
# Platform          :CentOS
# Operating System  :CentOS Linux release 7.9.2009 (Core)
# Processor Detail  :Intel(R) Xeon(R) W-2295 CPU @ 3.00GHz
# CPU Frequency     :1199.890 MHz
# CPU Physical cores:18
# CPU Logical cores :36
# Host memory       :134862 MB
# Swap memory       :4294 MB
# Total Virtual     :139157 MB
# Available Virtual :98509 MB
#-----------------------------------------------------------
WARNING: [Runs 36-547] User Strategy 'Vivado Synthesis Defaults' from file '/home/andrea/.Xilinx/Vivado/2024.1/strategies/Vivado Synthesis Defaults.Vivado Synthesis 2023.psg' discarded because strategy with same name already parsed from '/home/admin/Xilinx/Vivado/2024.1/strategies/VDS2023.psg'
WARNING: [Runs 36-547] User Strategy 'Vivado Synthesis Defaults' from file '/home/andrea/.Xilinx/Vivado/2024.1/strategies/Vivado Synthesis Defaults_2.Vivado Synthesis 2023.psg' discarded because strategy with same name already parsed from '/home/admin/Xilinx/Vivado/2024.1/strategies/VDS2023.psg'
start_gui
open_project /home/andrea/Documents/Genesys2_SVD_IPbus_ToBeDeleted/Genesys2_SVD/Genesys2_SVD.xpr
WARNING: [Board 49-26] cannot add Board Part xilinx.com:vek280_es:part0:1.0 available at /home/admin/Xilinx/Vivado/2024.1/data/xhub/boards/XilinxBoardStore/boards/Xilinx/vek280/es/rev_a/1.0/board.xml as part xcve2802-vsvh1760-2lp-e-s-es1 specified in board_part file is either invalid or not available
WARNING: [Board 49-26] cannot add Board Part xilinx.com:vek280_es:part0:1.1 available at /home/admin/Xilinx/Vivado/2024.1/data/xhub/boards/XilinxBoardStore/boards/Xilinx/vek280/es/rev_a/1.1/board.xml as part xcve2802-vsvh1760-2lp-e-s-es1 specified in board_part file is either invalid or not available
WARNING: [Board 49-26] cannot add Board Part xilinx.com:vek280_es_revb:part0:1.0 available at /home/admin/Xilinx/Vivado/2024.1/data/xhub/boards/XilinxBoardStore/boards/Xilinx/vek280/es/rev_b/1.0/board.xml as part xcve2802-vsvh1760-2mp-e-s-es1 specified in board_part file is either invalid or not available
WARNING: [Board 49-26] cannot add Board Part xilinx.com:vek280_es_revb:part0:1.1 available at /home/admin/Xilinx/Vivado/2024.1/data/xhub/boards/XilinxBoardStore/boards/Xilinx/vek280/es/rev_b/1.1/board.xml as part xcve2802-vsvh1760-2mp-e-s-es1 specified in board_part file is either invalid or not available
WARNING: [Board 49-26] cannot add Board Part xilinx.com:vhk158_es:part0:1.0 available at /home/admin/Xilinx/Vivado/2024.1/data/xhub/boards/XilinxBoardStore/boards/Xilinx/vhk158/es/1.0/board.xml as part xcvh1582-vsva3697-2mp-e-s-es1 specified in board_part file is either invalid or not available
WARNING: [Board 49-26] cannot add Board Part xilinx.com:vhk158_es:part0:1.1 available at /home/admin/Xilinx/Vivado/2024.1/data/xhub/boards/XilinxBoardStore/boards/Xilinx/vhk158/es/1.1/board.xml as part xcvh1582-vsva3697-2mp-e-s-es1 specified in board_part file is either invalid or not available
WARNING: [Board 49-26] cannot add Board Part xilinx.com:zcu208ld:part0:2.0 available at /home/admin/Xilinx/Vivado/2024.1/data/xhub/boards/XilinxBoardStore/boards/Xilinx/zcu208ld/production/2.0/board.xml as part xczu58dr-fsvg1517-2-i specified in board_part file is either invalid or not available
WARNING: [Board 49-26] cannot add Board Part xilinx.com:zcu216ld:part0:2.0 available at /home/admin/Xilinx/Vivado/2024.1/data/xhub/boards/XilinxBoardStore/boards/Xilinx/zcu216ld/production/2.0/board.xml as part xczu59dr-ffvf1760-2-i specified in board_part file is either invalid or not available
WARNING: [Board 49-26] cannot add Board Part xilinx.com:zcu670ld:part0:1.0 available at /home/admin/Xilinx/Vivado/2024.1/data/xhub/boards/XilinxBoardStore/boards/Xilinx/zcu670ld/1.0/board.xml as part xczu57dr-fsve1156-2-i specified in board_part file is either invalid or not available
Scanning sources...
Finished scanning sources
INFO: [IP_Flow 19-234] Refreshing IP repositories
INFO: [IP_Flow 19-1704] No user IP repositories specified
INFO: [IP_Flow 19-2313] Loaded Vivado IP repository '/home/admin/Xilinx/Vivado/2024.1/data/ip'.
WARNING: [IP_Flow 19-11772] Failed to register IP shared directory path '/home/andrea/Documents/Genesys2_SVD_IPbus_ToBeDeleted/Genesys2_SVD/kc705_gmii.gen/sources_1/ip/mac_fifo_axi4/' for IP 'mac_fifo_axi4'.
WARNING: [IP_Flow 19-11772] Failed to register IP shared directory path '/home/andrea/Documents/Genesys2_SVD_IPbus_ToBeDeleted/Genesys2_SVD/genesys2.gen/sources_1/ip/temac_gbe_v9_0_rgmii/' for IP 'temac_gbe_v9_0_rgmii'.
WARNING: [IP_Flow 19-2162] IP 'temac_gbe_v9_0_rgmii' is locked:
* IP definition 'Tri Mode Ethernet MAC (9.0)' for IP 'temac_gbe_v9_0_rgmii' (customized with software release 2024.1) has a different revision in the IP Catalog.
open_project: Time (s): cpu = 00:00:22 ; elapsed = 00:00:08 . Memory (MB): peak = 8398.801 ; gain = 491.941 ; free physical = 3299 ; free virtual = 92867
open_hw_manager
connect_hw_server -allow_non_jtag
INFO: [Labtools 27-2285] Connecting to hw_server url TCP:localhost:3121
INFO: [Labtools 27-3415] Connecting to cs_server url TCP:localhost:0
INFO: [Labtools 27-3417] Launching cs_server...
INFO: [Labtools 27-2221] Launch Output:


******** Xilinx cs_server v2024.1.0
  ****** Build date   : Apr 27 2024-11:40:49
    **** Build number : 2024.1.1714182049
      ** Copyright 2017-2022 Xilinx, Inc. All Rights Reserved.
      ** Copyright 2022-2024 Advanced Micro Devices, Inc. All Rights Reserved.



open_hw_target
INFO: [Labtoolstcl 44-466] Opening hw_target localhost:3121/xilinx_tcf/Digilent/200300B18D8FB
set_property PROGRAM.FILE {/home/andrea/Documents/Genesys2_SVD_IPbus_ToBeDeleted/Genesys2_SVD/Genesys2_SVD.runs/impl_1/top.bit} [get_hw_devices xc7k325t_0]
current_hw_device [get_hw_devices xc7k325t_0]
refresh_hw_device -update_hw_probes false [lindex [get_hw_devices xc7k325t_0] 0]
INFO: [Labtools 27-1434] Device xc7k325t (JTAG device index = 0) is programmed with a design that has no supported debug core(s) in it.
set_property PROBES.FILE {} [get_hw_devices xc7k325t_0]
set_property FULL_PROBES.FILE {} [get_hw_devices xc7k325t_0]
set_property PROGRAM.FILE {/home/andrea/Documents/Genesys2_SVD_IPbus_ToBeDeleted/Genesys2_SVD/Genesys2_SVD.runs/impl_1/top.bit} [get_hw_devices xc7k325t_0]
program_hw_devices [get_hw_devices xc7k325t_0]
INFO: [Labtools 27-3164] End of startup status: HIGH
refresh_hw_device [lindex [get_hw_devices xc7k325t_0] 0]
INFO: [Labtools 27-1434] Device xc7k325t (JTAG device index = 0) is programmed with a design that has no supported debug core(s) in it.
reset_run synth_1
INFO: [Project 1-1161] Replacing file /home/andrea/Documents/Genesys2_SVD_IPbus_ToBeDeleted/Genesys2_SVD/Genesys2_SVD.srcs/utils_1/imports/synth_1/top.dcp with file /home/andrea/Documents/Genesys2_SVD_IPbus_ToBeDeleted/Genesys2_SVD/Genesys2_SVD.runs/synth_1/top.dcp
launch_runs impl_1 -to_step write_bitstream -jobs 16
[Thu Oct 31 15:48:48 2024] Launched synth_1...
Run output will be captured here: /home/andrea/Documents/Genesys2_SVD_IPbus_ToBeDeleted/Genesys2_SVD/Genesys2_SVD.runs/synth_1/runme.log
[Thu Oct 31 15:48:48 2024] Launched impl_1...
Run output will be captured here: /home/andrea/Documents/Genesys2_SVD_IPbus_ToBeDeleted/Genesys2_SVD/Genesys2_SVD.runs/impl_1/runme.log
set_property PROBES.FILE {} [get_hw_devices xc7k325t_0]
set_property FULL_PROBES.FILE {} [get_hw_devices xc7k325t_0]
set_property PROGRAM.FILE {/home/andrea/Documents/Genesys2_SVD_IPbus_ToBeDeleted/Genesys2_SVD/Genesys2_SVD.runs/impl_1/top.bit} [get_hw_devices xc7k325t_0]
program_hw_devices [get_hw_devices xc7k325t_0]
INFO: [Labtools 27-3164] End of startup status: HIGH
program_hw_devices: Time (s): cpu = 00:00:06 ; elapsed = 00:00:05 . Memory (MB): peak = 8615.465 ; gain = 0.000 ; free physical = 10013 ; free virtual = 92729
refresh_hw_device [lindex [get_hw_devices xc7k325t_0] 0]
INFO: [Labtools 27-1434] Device xc7k325t (JTAG device index = 0) is programmed with a design that has no supported debug core(s) in it.
ERROR: [Labtoolstcl 44-513] HW Target shutdown. Closing target: localhost:3121/xilinx_tcf/Digilent/200300B18D8FB
INFO: [Labtoolstcl 44-466] Opening hw_target localhost:3121/xilinx_tcf/Digilent/200300B18D8FB
INFO: [Labtools 27-1434] Device xc7k325t (JTAG device index = 0) is programmed with a design that has no supported debug core(s) in it.
WARNING: [Labtoolstcl 44-129] No matching hw_ila_data was found.
reset_run synth_1
INFO: [Project 1-1161] Replacing file /home/andrea/Documents/Genesys2_SVD_IPbus_ToBeDeleted/Genesys2_SVD/Genesys2_SVD.srcs/utils_1/imports/synth_1/top.dcp with file /home/andrea/Documents/Genesys2_SVD_IPbus_ToBeDeleted/Genesys2_SVD/Genesys2_SVD.runs/synth_1/top.dcp
launch_runs impl_1 -to_step write_bitstream -jobs 16
[Tue Nov 19 14:19:30 2024] Launched synth_1...
Run output will be captured here: /home/andrea/Documents/Genesys2_SVD_IPbus_ToBeDeleted/Genesys2_SVD/Genesys2_SVD.runs/synth_1/runme.log
[Tue Nov 19 14:19:30 2024] Launched impl_1...
Run output will be captured here: /home/andrea/Documents/Genesys2_SVD_IPbus_ToBeDeleted/Genesys2_SVD/Genesys2_SVD.runs/impl_1/runme.log
open_run impl_1
INFO: [Device 21-403] Loading part xc7k325tffg900-2
INFO: [Device 21-9227] Part: xc7k325tffg900-2 does not have CEAM library.
Netlist sorting complete. Time (s): cpu = 00:00:00.39 ; elapsed = 00:00:00.37 . Memory (MB): peak = 9147.391 ; gain = 0.000 ; free physical = 9482 ; free virtual = 92713
INFO: [Netlist 29-17] Analyzing 21038 Unisim elements for replacement
INFO: [Netlist 29-28] Unisim Transformation completed in 0 CPU seconds
INFO: [Project 1-479] Netlist was created with Vivado 2024.1.1
INFO: [Project 1-570] Preparing netlist for logic optimization
Read ShapeDB Complete: Time (s): cpu = 00:00:00.14 ; elapsed = 00:00:00.14 . Memory (MB): peak = 9258.641 ; gain = 14.754 ; free physical = 9370 ; free virtual = 92601
INFO: [Timing 38-478] Restoring timing data from binary archive.
INFO: [Timing 38-479] Binary timing data restore complete.
INFO: [Project 1-856] Restoring constraints from binary archive.
INFO: [Project 1-853] Binary constraint restore complete.
INFO: [Designutils 20-5722] Start Reading Physical Databases.
Reading placement.
Read Netlist Cache: Time (s): cpu = 00:00:00.09 ; elapsed = 00:00:00.08 . Memory (MB): peak = 10013.949 ; gain = 10.004 ; free physical = 8688 ; free virtual = 91919
Reading placer database...
Read Device Cache: Time (s): cpu = 00:00:00.01 ; elapsed = 00:00:00.01 . Memory (MB): peak = 10013.949 ; gain = 0.000 ; free physical = 8688 ; free virtual = 91919
Read PlaceDB: Time (s): cpu = 00:00:07 ; elapsed = 00:00:06 . Memory (MB): peak = 10151.938 ; gain = 137.988 ; free physical = 8563 ; free virtual = 91794
Read PulsedLatchDB: Time (s): cpu = 00:00:00 ; elapsed = 00:00:00.01 . Memory (MB): peak = 10151.938 ; gain = 0.000 ; free physical = 8563 ; free virtual = 91794
Reading routing.
Read RouteStorage: Time (s): cpu = 00:00:02 ; elapsed = 00:00:00.82 . Memory (MB): peak = 10214.887 ; gain = 62.949 ; free physical = 8504 ; free virtual = 91734
Read Physdb Files: Time (s): cpu = 00:00:09 ; elapsed = 00:00:07 . Memory (MB): peak = 10214.887 ; gain = 210.941 ; free physical = 8504 ; free virtual = 91734
Restored from archive | CPU: 9.100000 secs | Memory: 178.140938 MB |
Finished XDEF File Restore: Time (s): cpu = 00:00:09 ; elapsed = 00:00:07 . Memory (MB): peak = 10214.887 ; gain = 210.941 ; free physical = 8504 ; free virtual = 91734
Netlist sorting complete. Time (s): cpu = 00:00:00.01 ; elapsed = 00:00:00.01 . Memory (MB): peak = 10214.887 ; gain = 0.000 ; free physical = 8504 ; free virtual = 91734
INFO: [Project 1-111] Unisim Transformation Summary:
  A total of 10 instances were transformed.
  RAM32M => RAM32M (RAMD32(x6), RAMS32(x2)): 2 instances
  RAM64X1D => RAM64X1D (RAMD64E(x2)): 8 instances

open_run: Time (s): cpu = 00:00:58 ; elapsed = 00:00:31 . Memory (MB): peak = 10468.277 ; gain = 1708.117 ; free physical = 8336 ; free virtual = 91573
WARNING: [Timing 38-436] There are set_bus_skew constraint(s) in this design. Please run report_bus_skew to ensure that bus skew requirements are met.
refresh_hw_device [lindex [get_hw_devices xc7k325t_0] 0]
INFO: [Labtools 27-1434] Device xc7k325t (JTAG device index = 0) is programmed with a design that has no supported debug core(s) in it.
set_property PROBES.FILE {} [get_hw_devices xc7k325t_0]
set_property FULL_PROBES.FILE {} [get_hw_devices xc7k325t_0]
set_property PROGRAM.FILE {/home/andrea/Documents/Genesys2_SVD_IPbus_ToBeDeleted/Genesys2_SVD/Genesys2_SVD.runs/impl_1/top.bit} [get_hw_devices xc7k325t_0]
program_hw_devices [get_hw_devices xc7k325t_0]
INFO: [Labtools 27-3164] End of startup status: HIGH
refresh_hw_device [lindex [get_hw_devices xc7k325t_0] 0]
INFO: [Labtools 27-1434] Device xc7k325t (JTAG device index = 0) is programmed with a design that has no supported debug core(s) in it.
close_hw_manager
close_design
WARNING: [filemgmt 56-199] Attempt to get parsing info during refresh. "On-the-fly" syntax checking information may be incorrect. [/home/andrea/Documents/Genesys2_SVD_IPbus_ToBeDeleted/Genesys2_SVD/Genesys2_SVD.srcs/sources_1/imports/sources_1/imports/Sources/top_svd.vhd:]
WARNING: [filemgmt 56-199] Attempt to get parsing info during refresh. "On-the-fly" syntax checking information may be incorrect. [/home/andrea/Documents/Genesys2_SVD_IPbus_ToBeDeleted/Genesys2_SVD/Genesys2_SVD.srcs/sources_1/imports/ipbus-firmware/boards/kc705/gmii/synth/firmware/hdl/top_kc705_gmii.vhd:]
WARNING: [filemgmt 56-199] Attempt to get parsing info during refresh. "On-the-fly" syntax checking information may be incorrect. [/home/andrea/Documents/Genesys2_SVD_IPbus_ToBeDeleted/Genesys2_SVD/Genesys2_SVD.srcs/sources_1/imports/ipbus-firmware/components/ipbus_util/firmware/hdl/payload_example.vhd:]
WARNING: [filemgmt 56-199] Attempt to get parsing info during refresh. "On-the-fly" syntax checking information may be incorrect. [/home/andrea/Documents/Genesys2_SVD_IPbus_ToBeDeleted/Genesys2_SVD/Genesys2_SVD.srcs/sources_1/imports/sources_1/new/calc_mult_factor.vhd:]
WARNING: [filemgmt 56-199] Attempt to get parsing info during refresh. "On-the-fly" syntax checking information may be incorrect. [/home/andrea/Documents/Genesys2_SVD_IPbus_ToBeDeleted/Genesys2_SVD/Genesys2_SVD.srcs/sources_1/imports/ipbus-firmware/boards/kc705/gmii/synth/firmware/hdl/top_kc705_gmii.vhd:]
WARNING: [filemgmt 56-199] Attempt to get parsing info during refresh. "On-the-fly" syntax checking information may be incorrect. [/home/andrea/Documents/Genesys2_SVD_IPbus_ToBeDeleted/Genesys2_SVD/Genesys2_SVD.srcs/sources_1/imports/ipbus-firmware/boards/kc705/gmii/synth/firmware/hdl/top_kc705_gmii.vhd:]
WARNING: [filemgmt 56-199] Attempt to get parsing info during refresh. "On-the-fly" syntax checking information may be incorrect. [/home/andrea/Documents/Genesys2_SVD_IPbus_ToBeDeleted/Genesys2_SVD/Genesys2_SVD.srcs/sources_1/imports/sources_1/imports/Sources/top_svd.vhd:]
WARNING: [filemgmt 56-199] Attempt to get parsing info during refresh. "On-the-fly" syntax checking information may be incorrect. [/home/andrea/Documents/Genesys2_SVD_IPbus_ToBeDeleted/Genesys2_SVD/Genesys2_SVD.srcs/sources_1/imports/ipbus-firmware/boards/kc705/gmii/synth/firmware/hdl/top_kc705_gmii.vhd:]
WARNING: [filemgmt 56-199] Attempt to get parsing info during refresh. "On-the-fly" syntax checking information may be incorrect. [/home/andrea/Documents/Genesys2_SVD_IPbus_ToBeDeleted/Genesys2_SVD/Genesys2_SVD.srcs/sources_1/imports/ipbus-firmware/components/ipbus_util/firmware/hdl/payload_example.vhd:]
WARNING: [filemgmt 56-199] Attempt to get parsing info during refresh. "On-the-fly" syntax checking information may be incorrect. [/home/andrea/Documents/Genesys2_SVD_IPbus_ToBeDeleted/Genesys2_SVD/Genesys2_SVD.srcs/sources_1/imports/sources_1/new/calc_mult_factor.vhd:]
WARNING: [filemgmt 56-199] Attempt to get parsing info during refresh. "On-the-fly" syntax checking information may be incorrect. [/home/andrea/Documents/Genesys2_SVD_IPbus_ToBeDeleted/Genesys2_SVD/Genesys2_SVD.srcs/sources_1/imports/sources_1/new/calc_mult_factor.vhd:]
WARNING: [filemgmt 56-199] Attempt to get parsing info during refresh. "On-the-fly" syntax checking information may be incorrect. [/home/andrea/Documents/Genesys2_SVD_IPbus_ToBeDeleted/Genesys2_SVD/Genesys2_SVD.srcs/sources_1/imports/sources_1/new/calc_mult_factor.vhd:]
WARNING: [filemgmt 56-199] Attempt to get parsing info during refresh. "On-the-fly" syntax checking information may be incorrect. [/home/andrea/Documents/Genesys2_SVD_IPbus_ToBeDeleted/Genesys2_SVD/Genesys2_SVD.srcs/sources_1/imports/sources_1/imports/Sources/top_svd.vhd:]
WARNING: [filemgmt 56-199] Attempt to get parsing info during refresh. "On-the-fly" syntax checking information may be incorrect. [/home/andrea/Documents/Genesys2_SVD_IPbus_ToBeDeleted/Genesys2_SVD/Genesys2_SVD.srcs/sources_1/imports/ipbus-firmware/boards/kc705/gmii/synth/firmware/hdl/top_kc705_gmii.vhd:]
WARNING: [filemgmt 56-199] Attempt to get parsing info during refresh. "On-the-fly" syntax checking information may be incorrect. [/home/andrea/Documents/Genesys2_SVD_IPbus_ToBeDeleted/Genesys2_SVD/Genesys2_SVD.srcs/sources_1/imports/ipbus-firmware/components/ipbus_util/firmware/hdl/payload_example.vhd:]
WARNING: [filemgmt 56-199] Attempt to get parsing info during refresh. "On-the-fly" syntax checking information may be incorrect. [/home/andrea/Documents/Genesys2_SVD_IPbus_ToBeDeleted/Genesys2_SVD/Genesys2_SVD.srcs/sources_1/imports/sources_1/new/calc_mult_factor.vhd:]
WARNING: [filemgmt 56-199] Attempt to get parsing info during refresh. "On-the-fly" syntax checking information may be incorrect. [/home/andrea/Documents/Genesys2_SVD_IPbus_ToBeDeleted/Genesys2_SVD/Genesys2_SVD.srcs/sources_1/imports/sources_1/imports/Sources/top_svd.vhd:]
WARNING: [filemgmt 56-199] Attempt to get parsing info during refresh. "On-the-fly" syntax checking information may be incorrect. [/home/andrea/Documents/Genesys2_SVD_IPbus_ToBeDeleted/Genesys2_SVD/Genesys2_SVD.srcs/sources_1/imports/sources_1/imports/Sources/top_svd.vhd:]
WARNING: [filemgmt 56-199] Attempt to get parsing info during refresh. "On-the-fly" syntax checking information may be incorrect. [/home/andrea/Documents/Genesys2_SVD_IPbus_ToBeDeleted/Genesys2_SVD/Genesys2_SVD.srcs/sources_1/imports/sources_1/imports/Sources/top_svd.vhd:]
WARNING: [filemgmt 56-199] Attempt to get parsing info during refresh. "On-the-fly" syntax checking information may be incorrect. [/home/andrea/Documents/Genesys2_SVD_IPbus_ToBeDeleted/Genesys2_SVD/Genesys2_SVD.srcs/sources_1/imports/ipbus-firmware/boards/kc705/gmii/synth/firmware/hdl/top_kc705_gmii.vhd:]
WARNING: [filemgmt 56-199] Attempt to get parsing info during refresh. "On-the-fly" syntax checking information may be incorrect. [/home/andrea/Documents/Genesys2_SVD_IPbus_ToBeDeleted/Genesys2_SVD/Genesys2_SVD.srcs/sources_1/imports/ipbus-firmware/components/ipbus_util/firmware/hdl/payload_example.vhd:]
WARNING: [filemgmt 56-199] Attempt to get parsing info during refresh. "On-the-fly" syntax checking information may be incorrect. [/home/andrea/Documents/Genesys2_SVD_IPbus_ToBeDeleted/Genesys2_SVD/Genesys2_SVD.srcs/sources_1/imports/sources_1/new/calc_mult_factor.vhd:]
WARNING: [filemgmt 56-199] Attempt to get parsing info during refresh. "On-the-fly" syntax checking information may be incorrect. [/home/andrea/Documents/Genesys2_SVD_IPbus_ToBeDeleted/Genesys2_SVD/Genesys2_SVD.srcs/sources_1/imports/sources_1/imports/Sources/top_svd.vhd:]
WARNING: [filemgmt 56-199] Attempt to get parsing info during refresh. "On-the-fly" syntax checking information may be incorrect. [/home/andrea/Documents/Genesys2_SVD_IPbus_ToBeDeleted/Genesys2_SVD/Genesys2_SVD.srcs/sources_1/imports/sources_1/imports/Sources/top_svd.vhd:]
WARNING: [filemgmt 56-199] Attempt to get parsing info during refresh. "On-the-fly" syntax checking information may be incorrect. [/home/andrea/Documents/Genesys2_SVD_IPbus_ToBeDeleted/Genesys2_SVD/Genesys2_SVD.srcs/sources_1/imports/sources_1/imports/Sources/top_svd.vhd:]
WARNING: [filemgmt 56-199] Attempt to get parsing info during refresh. "On-the-fly" syntax checking information may be incorrect. [/home/andrea/Documents/Genesys2_SVD_IPbus_ToBeDeleted/Genesys2_SVD/Genesys2_SVD.srcs/sources_1/imports/ipbus-firmware/boards/kc705/gmii/synth/firmware/hdl/top_kc705_gmii.vhd:]
WARNING: [filemgmt 56-199] Attempt to get parsing info during refresh. "On-the-fly" syntax checking information may be incorrect. [/home/andrea/Documents/Genesys2_SVD_IPbus_ToBeDeleted/Genesys2_SVD/Genesys2_SVD.srcs/sources_1/imports/ipbus-firmware/components/ipbus_util/firmware/hdl/payload_example.vhd:]
WARNING: [filemgmt 56-199] Attempt to get parsing info during refresh. "On-the-fly" syntax checking information may be incorrect. [/home/andrea/Documents/Genesys2_SVD_IPbus_ToBeDeleted/Genesys2_SVD/Genesys2_SVD.srcs/sources_1/imports/sources_1/new/calc_mult_factor.vhd:]
WARNING: [filemgmt 56-199] Attempt to get parsing info during refresh. "On-the-fly" syntax checking information may be incorrect. [/home/andrea/Documents/Genesys2_SVD_IPbus_ToBeDeleted/Genesys2_SVD/Genesys2_SVD.srcs/sources_1/imports/ipbus-firmware/components/ipbus_util/firmware/hdl/payload_example.vhd:]
WARNING: [filemgmt 56-199] Attempt to get parsing info during refresh. "On-the-fly" syntax checking information may be incorrect. [/home/andrea/Documents/Genesys2_SVD_IPbus_ToBeDeleted/Genesys2_SVD/Genesys2_SVD.srcs/sources_1/imports/ipbus-firmware/components/ipbus_util/firmware/hdl/payload_example.vhd:]
WARNING: [filemgmt 56-199] Attempt to get parsing info during refresh. "On-the-fly" syntax checking information may be incorrect. [/home/andrea/Documents/Genesys2_SVD_IPbus_ToBeDeleted/Genesys2_SVD/Genesys2_SVD.srcs/sources_1/imports/sources_1/imports/Sources/top_svd.vhd:]
WARNING: [filemgmt 56-199] Attempt to get parsing info during refresh. "On-the-fly" syntax checking information may be incorrect. [/home/andrea/Documents/Genesys2_SVD_IPbus_ToBeDeleted/Genesys2_SVD/Genesys2_SVD.srcs/sources_1/imports/ipbus-firmware/boards/kc705/gmii/synth/firmware/hdl/top_kc705_gmii.vhd:]
WARNING: [filemgmt 56-199] Attempt to get parsing info during refresh. "On-the-fly" syntax checking information may be incorrect. [/home/andrea/Documents/Genesys2_SVD_IPbus_ToBeDeleted/Genesys2_SVD/Genesys2_SVD.srcs/sources_1/imports/ipbus-firmware/components/ipbus_util/firmware/hdl/payload_example.vhd:]
WARNING: [filemgmt 56-199] Attempt to get parsing info during refresh. "On-the-fly" syntax checking information may be incorrect. [/home/andrea/Documents/Genesys2_SVD_IPbus_ToBeDeleted/Genesys2_SVD/Genesys2_SVD.srcs/sources_1/imports/sources_1/new/calc_mult_factor.vhd:]
WARNING: [filemgmt 56-199] Attempt to get parsing info during refresh. "On-the-fly" syntax checking information may be incorrect. [/home/andrea/Documents/Genesys2_SVD_IPbus_ToBeDeleted/Genesys2_SVD/Genesys2_SVD.srcs/sources_1/imports/sources_1/new/calc_mult_factor.vhd:]
WARNING: [filemgmt 56-199] Attempt to get parsing info during refresh. "On-the-fly" syntax checking information may be incorrect. [/home/andrea/Documents/Genesys2_SVD_IPbus_ToBeDeleted/Genesys2_SVD/Genesys2_SVD.srcs/sources_1/imports/sources_1/new/calc_mult_factor.vhd:]
reset_run synth_1
INFO: [Project 1-1161] Replacing file /home/andrea/Documents/Genesys2_SVD_IPbus_ToBeDeleted/Genesys2_SVD/Genesys2_SVD.srcs/utils_1/imports/synth_1/top.dcp with file /home/andrea/Documents/Genesys2_SVD_IPbus_ToBeDeleted/Genesys2_SVD/Genesys2_SVD.runs/synth_1/top.dcp
launch_runs impl_1 -to_step write_bitstream -jobs 16
[Fri Nov 29 18:43:26 2024] Launched synth_1...
Run output will be captured here: /home/andrea/Documents/Genesys2_SVD_IPbus_ToBeDeleted/Genesys2_SVD/Genesys2_SVD.runs/synth_1/runme.log
[Fri Nov 29 18:43:26 2024] Launched impl_1...
Run output will be captured here: /home/andrea/Documents/Genesys2_SVD_IPbus_ToBeDeleted/Genesys2_SVD/Genesys2_SVD.runs/impl_1/runme.log
WARNING: [filemgmt 56-199] Attempt to get parsing info during refresh. "On-the-fly" syntax checking information may be incorrect. [/home/andrea/Documents/Genesys2_SVD_IPbus_ToBeDeleted/Genesys2_SVD/Genesys2_SVD.srcs/sources_1/imports/sources_1/imports/Sources/top_svd.vhd:]
WARNING: [filemgmt 56-199] Attempt to get parsing info during refresh. "On-the-fly" syntax checking information may be incorrect. [/home/andrea/Documents/Genesys2_SVD_IPbus_ToBeDeleted/Genesys2_SVD/Genesys2_SVD.srcs/sources_1/imports/ipbus-firmware/boards/kc705/gmii/synth/firmware/hdl/top_kc705_gmii.vhd:]
WARNING: [filemgmt 56-199] Attempt to get parsing info during refresh. "On-the-fly" syntax checking information may be incorrect. [/home/andrea/Documents/Genesys2_SVD_IPbus_ToBeDeleted/Genesys2_SVD/Genesys2_SVD.srcs/sources_1/imports/ipbus-firmware/components/ipbus_util/firmware/hdl/payload_example.vhd:]
WARNING: [filemgmt 56-199] Attempt to get parsing info during refresh. "On-the-fly" syntax checking information may be incorrect. [/home/andrea/Documents/Genesys2_SVD_IPbus_ToBeDeleted/Genesys2_SVD/Genesys2_SVD.srcs/sources_1/imports/sources_1/new/calc_mult_factor.vhd:]
WARNING: [filemgmt 56-199] Attempt to get parsing info during refresh. "On-the-fly" syntax checking information may be incorrect. [/home/andrea/Documents/Genesys2_SVD_IPbus_ToBeDeleted/Genesys2_SVD/Genesys2_SVD.srcs/sources_1/imports/ipbus-firmware/components/ipbus_util/firmware/hdl/payload_example.vhd:]
WARNING: [filemgmt 56-199] Attempt to get parsing info during refresh. "On-the-fly" syntax checking information may be incorrect. [/home/andrea/Documents/Genesys2_SVD_IPbus_ToBeDeleted/Genesys2_SVD/Genesys2_SVD.srcs/sources_1/imports/ipbus-firmware/components/ipbus_util/firmware/hdl/payload_example.vhd:]
WARNING: [filemgmt 56-199] Attempt to get parsing info during refresh. "On-the-fly" syntax checking information may be incorrect. [/home/andrea/Documents/Genesys2_SVD_IPbus_ToBeDeleted/Genesys2_SVD/Genesys2_SVD.srcs/sources_1/imports/sources_1/imports/Sources/top_svd.vhd:]
WARNING: [filemgmt 56-199] Attempt to get parsing info during refresh. "On-the-fly" syntax checking information may be incorrect. [/home/andrea/Documents/Genesys2_SVD_IPbus_ToBeDeleted/Genesys2_SVD/Genesys2_SVD.srcs/sources_1/imports/ipbus-firmware/boards/kc705/gmii/synth/firmware/hdl/top_kc705_gmii.vhd:]
WARNING: [filemgmt 56-199] Attempt to get parsing info during refresh. "On-the-fly" syntax checking information may be incorrect. [/home/andrea/Documents/Genesys2_SVD_IPbus_ToBeDeleted/Genesys2_SVD/Genesys2_SVD.srcs/sources_1/imports/ipbus-firmware/components/ipbus_util/firmware/hdl/payload_example.vhd:]
WARNING: [filemgmt 56-199] Attempt to get parsing info during refresh. "On-the-fly" syntax checking information may be incorrect. [/home/andrea/Documents/Genesys2_SVD_IPbus_ToBeDeleted/Genesys2_SVD/Genesys2_SVD.srcs/sources_1/imports/sources_1/new/calc_mult_factor.vhd:]
WARNING: [filemgmt 56-199] Attempt to get parsing info during refresh. "On-the-fly" syntax checking information may be incorrect. [/home/andrea/Documents/Genesys2_SVD_IPbus_ToBeDeleted/Genesys2_SVD/Genesys2_SVD.srcs/sources_1/imports/sources_1/new/calc_mult_factor.vhd:]
WARNING: [filemgmt 56-199] Attempt to get parsing info during refresh. "On-the-fly" syntax checking information may be incorrect. [/home/andrea/Documents/Genesys2_SVD_IPbus_ToBeDeleted/Genesys2_SVD/Genesys2_SVD.srcs/sources_1/imports/sources_1/new/calc_mult_factor.vhd:]
WARNING: [filemgmt 56-199] Attempt to get parsing info during refresh. "On-the-fly" syntax checking information may be incorrect. [/home/andrea/Documents/Genesys2_SVD_IPbus_ToBeDeleted/Genesys2_SVD/Genesys2_SVD.srcs/sources_1/imports/sources_1/imports/Sources/top_svd.vhd:]
WARNING: [filemgmt 56-199] Attempt to get parsing info during refresh. "On-the-fly" syntax checking information may be incorrect. [/home/andrea/Documents/Genesys2_SVD_IPbus_ToBeDeleted/Genesys2_SVD/Genesys2_SVD.srcs/sources_1/imports/ipbus-firmware/boards/kc705/gmii/synth/firmware/hdl/top_kc705_gmii.vhd:]
WARNING: [filemgmt 56-199] Attempt to get parsing info during refresh. "On-the-fly" syntax checking information may be incorrect. [/home/andrea/Documents/Genesys2_SVD_IPbus_ToBeDeleted/Genesys2_SVD/Genesys2_SVD.srcs/sources_1/imports/ipbus-firmware/components/ipbus_util/firmware/hdl/payload_example.vhd:]
WARNING: [filemgmt 56-199] Attempt to get parsing info during refresh. "On-the-fly" syntax checking information may be incorrect. [/home/andrea/Documents/Genesys2_SVD_IPbus_ToBeDeleted/Genesys2_SVD/Genesys2_SVD.srcs/sources_1/imports/sources_1/new/calc_mult_factor.vhd:]
WARNING: [filemgmt 56-199] Attempt to get parsing info during refresh. "On-the-fly" syntax checking information may be incorrect. [/home/andrea/Documents/Genesys2_SVD_IPbus_ToBeDeleted/Genesys2_SVD/Genesys2_SVD.srcs/sources_1/imports/sources_1/imports/Sources/top_svd.vhd:]
WARNING: [filemgmt 56-199] Attempt to get parsing info during refresh. "On-the-fly" syntax checking information may be incorrect. [/home/andrea/Documents/Genesys2_SVD_IPbus_ToBeDeleted/Genesys2_SVD/Genesys2_SVD.srcs/sources_1/imports/sources_1/imports/Sources/top_svd.vhd:]
open_hw_manager
connect_hw_server -allow_non_jtag
INFO: [Labtools 27-2285] Connecting to hw_server url TCP:localhost:3121
INFO: [Labtools 27-3415] Connecting to cs_server url TCP:localhost:0
INFO: [Labtools 27-3417] Launching cs_server...
INFO: [Labtools 27-2221] Launch Output:


******** Xilinx cs_server v2024.1.0
  ****** Build date   : Apr 27 2024-11:40:49
    **** Build number : 2024.1.1714182049
      ** Copyright 2017-2022 Xilinx, Inc. All Rights Reserved.
      ** Copyright 2022-2024 Advanced Micro Devices, Inc. All Rights Reserved.



open_hw_target
INFO: [Labtoolstcl 44-466] Opening hw_target localhost:3121/xilinx_tcf/Digilent/200300B18D8FB
set_property PROGRAM.FILE {/home/andrea/Documents/Genesys2_SVD_IPbus_ToBeDeleted/Genesys2_SVD/Genesys2_SVD.runs/impl_1/top.bit} [get_hw_devices xc7k325t_0]
current_hw_device [get_hw_devices xc7k325t_0]
refresh_hw_device -update_hw_probes false [lindex [get_hw_devices xc7k325t_0] 0]
INFO: [Labtools 27-1434] Device xc7k325t (JTAG device index = 0) is programmed with a design that has no supported debug core(s) in it.
set_property PROBES.FILE {} [get_hw_devices xc7k325t_0]
set_property FULL_PROBES.FILE {} [get_hw_devices xc7k325t_0]
set_property PROGRAM.FILE {/home/andrea/Documents/Genesys2_SVD_IPbus_ToBeDeleted/Genesys2_SVD/Genesys2_SVD.runs/impl_1/top.bit} [get_hw_devices xc7k325t_0]
program_hw_devices [get_hw_devices xc7k325t_0]
INFO: [Labtools 27-3164] End of startup status: HIGH
refresh_hw_device [lindex [get_hw_devices xc7k325t_0] 0]
INFO: [Labtools 27-1434] Device xc7k325t (JTAG device index = 0) is programmed with a design that has no supported debug core(s) in it.
set_property PROBES.FILE {} [get_hw_devices xc7k325t_0]
set_property FULL_PROBES.FILE {} [get_hw_devices xc7k325t_0]
set_property PROGRAM.FILE {/home/andrea/Documents/Genesys2_SVD_IPbus_ToBeDeleted/Genesys2_SVD/Genesys2_SVD.runs/impl_1/top.bit} [get_hw_devices xc7k325t_0]
program_hw_devices [get_hw_devices xc7k325t_0]
INFO: [Labtools 27-3164] End of startup status: HIGH
refresh_hw_device [lindex [get_hw_devices xc7k325t_0] 0]
INFO: [Labtools 27-1434] Device xc7k325t (JTAG device index = 0) is programmed with a design that has no supported debug core(s) in it.
WARNING: [filemgmt 56-199] Attempt to get parsing info during refresh. "On-the-fly" syntax checking information may be incorrect. [/home/andrea/Documents/Genesys2_SVD_IPbus_ToBeDeleted/Genesys2_SVD/Genesys2_SVD.srcs/sources_1/imports/sources_1/imports/Sources/top_svd.vhd:]
WARNING: [filemgmt 56-199] Attempt to get parsing info during refresh. "On-the-fly" syntax checking information may be incorrect. [/home/andrea/Documents/Genesys2_SVD_IPbus_ToBeDeleted/Genesys2_SVD/Genesys2_SVD.srcs/sources_1/imports/ipbus-firmware/boards/kc705/gmii/synth/firmware/hdl/top_kc705_gmii.vhd:]
WARNING: [filemgmt 56-199] Attempt to get parsing info during refresh. "On-the-fly" syntax checking information may be incorrect. [/home/andrea/Documents/Genesys2_SVD_IPbus_ToBeDeleted/Genesys2_SVD/Genesys2_SVD.srcs/sources_1/imports/ipbus-firmware/components/ipbus_util/firmware/hdl/payload_example.vhd:]
WARNING: [filemgmt 56-199] Attempt to get parsing info during refresh. "On-the-fly" syntax checking information may be incorrect. [/home/andrea/Documents/Genesys2_SVD_IPbus_ToBeDeleted/Genesys2_SVD/Genesys2_SVD.srcs/sources_1/imports/sources_1/new/calc_mult_factor.vhd:]
WARNING: [filemgmt 56-199] Attempt to get parsing info during refresh. "On-the-fly" syntax checking information may be incorrect. [/home/andrea/Documents/Genesys2_SVD_IPbus_ToBeDeleted/Genesys2_SVD/Genesys2_SVD.srcs/sources_1/imports/ipbus-firmware/boards/kc705/gmii/synth/firmware/hdl/top_kc705_gmii.vhd:]
WARNING: [filemgmt 56-199] Attempt to get parsing info during refresh. "On-the-fly" syntax checking information may be incorrect. [/home/andrea/Documents/Genesys2_SVD_IPbus_ToBeDeleted/Genesys2_SVD/Genesys2_SVD.srcs/sources_1/imports/ipbus-firmware/boards/kc705/gmii/synth/firmware/hdl/top_kc705_gmii.vhd:]
WARNING: [filemgmt 56-199] Attempt to get parsing info during refresh. "On-the-fly" syntax checking information may be incorrect. [/home/andrea/Documents/Genesys2_SVD_IPbus_ToBeDeleted/Genesys2_SVD/Genesys2_SVD.srcs/sources_1/imports/sources_1/imports/Sources/top_svd.vhd:]
WARNING: [filemgmt 56-199] Attempt to get parsing info during refresh. "On-the-fly" syntax checking information may be incorrect. [/home/andrea/Documents/Genesys2_SVD_IPbus_ToBeDeleted/Genesys2_SVD/Genesys2_SVD.srcs/sources_1/imports/ipbus-firmware/boards/kc705/gmii/synth/firmware/hdl/top_kc705_gmii.vhd:]
WARNING: [filemgmt 56-199] Attempt to get parsing info during refresh. "On-the-fly" syntax checking information may be incorrect. [/home/andrea/Documents/Genesys2_SVD_IPbus_ToBeDeleted/Genesys2_SVD/Genesys2_SVD.srcs/sources_1/imports/ipbus-firmware/components/ipbus_util/firmware/hdl/payload_example.vhd:]
WARNING: [filemgmt 56-199] Attempt to get parsing info during refresh. "On-the-fly" syntax checking information may be incorrect. [/home/andrea/Documents/Genesys2_SVD_IPbus_ToBeDeleted/Genesys2_SVD/Genesys2_SVD.srcs/sources_1/imports/sources_1/new/calc_mult_factor.vhd:]
WARNING: [filemgmt 56-199] Attempt to get parsing info during refresh. "On-the-fly" syntax checking information may be incorrect. [/home/andrea/Documents/Genesys2_SVD_IPbus_ToBeDeleted/Genesys2_SVD/Genesys2_SVD.srcs/sources_1/imports/sources_1/new/calc_mult_factor.vhd:]
WARNING: [filemgmt 56-199] Attempt to get parsing info during refresh. "On-the-fly" syntax checking information may be incorrect. [/home/andrea/Documents/Genesys2_SVD_IPbus_ToBeDeleted/Genesys2_SVD/Genesys2_SVD.srcs/sources_1/imports/sources_1/new/calc_mult_factor.vhd:]
WARNING: [filemgmt 56-199] Attempt to get parsing info during refresh. "On-the-fly" syntax checking information may be incorrect. [/home/andrea/Documents/Genesys2_SVD_IPbus_ToBeDeleted/Genesys2_SVD/Genesys2_SVD.srcs/sources_1/imports/sources_1/imports/Sources/top_svd.vhd:]
WARNING: [filemgmt 56-199] Attempt to get parsing info during refresh. "On-the-fly" syntax checking information may be incorrect. [/home/andrea/Documents/Genesys2_SVD_IPbus_ToBeDeleted/Genesys2_SVD/Genesys2_SVD.srcs/sources_1/imports/ipbus-firmware/boards/kc705/gmii/synth/firmware/hdl/top_kc705_gmii.vhd:]
WARNING: [filemgmt 56-199] Attempt to get parsing info during refresh. "On-the-fly" syntax checking information may be incorrect. [/home/andrea/Documents/Genesys2_SVD_IPbus_ToBeDeleted/Genesys2_SVD/Genesys2_SVD.srcs/sources_1/imports/ipbus-firmware/components/ipbus_util/firmware/hdl/payload_example.vhd:]
WARNING: [filemgmt 56-199] Attempt to get parsing info during refresh. "On-the-fly" syntax checking information may be incorrect. [/home/andrea/Documents/Genesys2_SVD_IPbus_ToBeDeleted/Genesys2_SVD/Genesys2_SVD.srcs/sources_1/imports/sources_1/new/calc_mult_factor.vhd:]
WARNING: [filemgmt 56-199] Attempt to get parsing info during refresh. "On-the-fly" syntax checking information may be incorrect. [/home/andrea/Documents/Genesys2_SVD_IPbus_ToBeDeleted/Genesys2_SVD/Genesys2_SVD.srcs/sources_1/imports/sources_1/imports/Sources/top_svd.vhd:]
WARNING: [filemgmt 56-199] Attempt to get parsing info during refresh. "On-the-fly" syntax checking information may be incorrect. [/home/andrea/Documents/Genesys2_SVD_IPbus_ToBeDeleted/Genesys2_SVD/Genesys2_SVD.srcs/sources_1/imports/sources_1/imports/Sources/top_svd.vhd:]
reset_run synth_1
INFO: [Project 1-1161] Replacing file /home/andrea/Documents/Genesys2_SVD_IPbus_ToBeDeleted/Genesys2_SVD/Genesys2_SVD.srcs/utils_1/imports/synth_1/top.dcp with file /home/andrea/Documents/Genesys2_SVD_IPbus_ToBeDeleted/Genesys2_SVD/Genesys2_SVD.runs/synth_1/top.dcp
WARNING: [filemgmt 56-199] Attempt to get parsing info during refresh. "On-the-fly" syntax checking information may be incorrect. [/home/andrea/Documents/Genesys2_SVD_IPbus_ToBeDeleted/Genesys2_SVD/Genesys2_SVD.srcs/sources_1/imports/sources_1/imports/Sources/top_svd.vhd:]
WARNING: [filemgmt 56-199] Attempt to get parsing info during refresh. "On-the-fly" syntax checking information may be incorrect. [/home/andrea/Documents/Genesys2_SVD_IPbus_ToBeDeleted/Genesys2_SVD/Genesys2_SVD.srcs/sources_1/imports/ipbus-firmware/boards/kc705/gmii/synth/firmware/hdl/top_kc705_gmii.vhd:]
WARNING: [filemgmt 56-199] Attempt to get parsing info during refresh. "On-the-fly" syntax checking information may be incorrect. [/home/andrea/Documents/Genesys2_SVD_IPbus_ToBeDeleted/Genesys2_SVD/Genesys2_SVD.srcs/sources_1/imports/ipbus-firmware/components/ipbus_util/firmware/hdl/payload_example.vhd:]
WARNING: [filemgmt 56-199] Attempt to get parsing info during refresh. "On-the-fly" syntax checking information may be incorrect. [/home/andrea/Documents/Genesys2_SVD_IPbus_ToBeDeleted/Genesys2_SVD/Genesys2_SVD.srcs/sources_1/imports/sources_1/new/calc_mult_factor.vhd:]
WARNING: [filemgmt 56-199] Attempt to get parsing info during refresh. "On-the-fly" syntax checking information may be incorrect. [/home/andrea/Documents/Genesys2_SVD_IPbus_ToBeDeleted/Genesys2_SVD/Genesys2_SVD.srcs/sources_1/imports/ipbus-firmware/components/ipbus_util/firmware/hdl/payload_example.vhd:]
WARNING: [filemgmt 56-199] Attempt to get parsing info during refresh. "On-the-fly" syntax checking information may be incorrect. [/home/andrea/Documents/Genesys2_SVD_IPbus_ToBeDeleted/Genesys2_SVD/Genesys2_SVD.srcs/sources_1/imports/ipbus-firmware/components/ipbus_util/firmware/hdl/payload_example.vhd:]
WARNING: [filemgmt 56-199] Attempt to get parsing info during refresh. "On-the-fly" syntax checking information may be incorrect. [/home/andrea/Documents/Genesys2_SVD_IPbus_ToBeDeleted/Genesys2_SVD/Genesys2_SVD.srcs/sources_1/imports/sources_1/imports/Sources/top_svd.vhd:]
WARNING: [filemgmt 56-199] Attempt to get parsing info during refresh. "On-the-fly" syntax checking information may be incorrect. [/home/andrea/Documents/Genesys2_SVD_IPbus_ToBeDeleted/Genesys2_SVD/Genesys2_SVD.srcs/sources_1/imports/ipbus-firmware/boards/kc705/gmii/synth/firmware/hdl/top_kc705_gmii.vhd:]
WARNING: [filemgmt 56-199] Attempt to get parsing info during refresh. "On-the-fly" syntax checking information may be incorrect. [/home/andrea/Documents/Genesys2_SVD_IPbus_ToBeDeleted/Genesys2_SVD/Genesys2_SVD.srcs/sources_1/imports/ipbus-firmware/components/ipbus_util/firmware/hdl/payload_example.vhd:]
WARNING: [filemgmt 56-199] Attempt to get parsing info during refresh. "On-the-fly" syntax checking information may be incorrect. [/home/andrea/Documents/Genesys2_SVD_IPbus_ToBeDeleted/Genesys2_SVD/Genesys2_SVD.srcs/sources_1/imports/sources_1/new/calc_mult_factor.vhd:]
WARNING: [filemgmt 56-199] Attempt to get parsing info during refresh. "On-the-fly" syntax checking information may be incorrect. [/home/andrea/Documents/Genesys2_SVD_IPbus_ToBeDeleted/Genesys2_SVD/Genesys2_SVD.srcs/sources_1/imports/sources_1/new/calc_mult_factor.vhd:]
WARNING: [filemgmt 56-199] Attempt to get parsing info during refresh. "On-the-fly" syntax checking information may be incorrect. [/home/andrea/Documents/Genesys2_SVD_IPbus_ToBeDeleted/Genesys2_SVD/Genesys2_SVD.srcs/sources_1/imports/sources_1/new/calc_mult_factor.vhd:]
WARNING: [filemgmt 56-199] Attempt to get parsing info during refresh. "On-the-fly" syntax checking information may be incorrect. [/home/andrea/Documents/Genesys2_SVD_IPbus_ToBeDeleted/Genesys2_SVD/Genesys2_SVD.srcs/sources_1/imports/sources_1/imports/Sources/top_svd.vhd:]
WARNING: [filemgmt 56-199] Attempt to get parsing info during refresh. "On-the-fly" syntax checking information may be incorrect. [/home/andrea/Documents/Genesys2_SVD_IPbus_ToBeDeleted/Genesys2_SVD/Genesys2_SVD.srcs/sources_1/imports/ipbus-firmware/boards/kc705/gmii/synth/firmware/hdl/top_kc705_gmii.vhd:]
WARNING: [filemgmt 56-199] Attempt to get parsing info during refresh. "On-the-fly" syntax checking information may be incorrect. [/home/andrea/Documents/Genesys2_SVD_IPbus_ToBeDeleted/Genesys2_SVD/Genesys2_SVD.srcs/sources_1/imports/ipbus-firmware/components/ipbus_util/firmware/hdl/payload_example.vhd:]
WARNING: [filemgmt 56-199] Attempt to get parsing info during refresh. "On-the-fly" syntax checking information may be incorrect. [/home/andrea/Documents/Genesys2_SVD_IPbus_ToBeDeleted/Genesys2_SVD/Genesys2_SVD.srcs/sources_1/imports/sources_1/new/calc_mult_factor.vhd:]
WARNING: [filemgmt 56-199] Attempt to get parsing info during refresh. "On-the-fly" syntax checking information may be incorrect. [/home/andrea/Documents/Genesys2_SVD_IPbus_ToBeDeleted/Genesys2_SVD/Genesys2_SVD.srcs/sources_1/imports/sources_1/imports/Sources/top_svd.vhd:]
WARNING: [filemgmt 56-199] Attempt to get parsing info during refresh. "On-the-fly" syntax checking information may be incorrect. [/home/andrea/Documents/Genesys2_SVD_IPbus_ToBeDeleted/Genesys2_SVD/Genesys2_SVD.srcs/sources_1/imports/sources_1/imports/Sources/top_svd.vhd:]
launch_runs impl_1 -to_step write_bitstream -jobs 16
[Wed Dec  4 10:54:30 2024] Launched synth_1...
Run output will be captured here: /home/andrea/Documents/Genesys2_SVD_IPbus_ToBeDeleted/Genesys2_SVD/Genesys2_SVD.runs/synth_1/runme.log
[Wed Dec  4 10:54:30 2024] Launched impl_1...
Run output will be captured here: /home/andrea/Documents/Genesys2_SVD_IPbus_ToBeDeleted/Genesys2_SVD/Genesys2_SVD.runs/impl_1/runme.log
WARNING: [filemgmt 56-199] Attempt to get parsing info during refresh. "On-the-fly" syntax checking information may be incorrect. [/home/andrea/Documents/Genesys2_SVD_IPbus_ToBeDeleted/Genesys2_SVD/Genesys2_SVD.srcs/sources_1/imports/sources_1/imports/Sources/top_svd.vhd:]
WARNING: [filemgmt 56-199] Attempt to get parsing info during refresh. "On-the-fly" syntax checking information may be incorrect. [/home/andrea/Documents/Genesys2_SVD_IPbus_ToBeDeleted/Genesys2_SVD/Genesys2_SVD.srcs/sources_1/imports/sources_1/new/mat_mult_v2.vhd:]
WARNING: [filemgmt 56-199] Attempt to get parsing info during refresh. "On-the-fly" syntax checking information may be incorrect. [/home/andrea/Documents/Genesys2_SVD_IPbus_ToBeDeleted/Genesys2_SVD/Genesys2_SVD.srcs/sources_1/imports/ipbus-firmware/boards/kc705/gmii/synth/firmware/hdl/top_kc705_gmii.vhd:]
WARNING: [filemgmt 56-199] Attempt to get parsing info during refresh. "On-the-fly" syntax checking information may be incorrect. [/home/andrea/Documents/Genesys2_SVD_IPbus_ToBeDeleted/Genesys2_SVD/Genesys2_SVD.srcs/sources_1/imports/ipbus-firmware/components/ipbus_util/firmware/hdl/payload_example.vhd:]
WARNING: [filemgmt 56-199] Attempt to get parsing info during refresh. "On-the-fly" syntax checking information may be incorrect. [/home/andrea/Documents/Genesys2_SVD_IPbus_ToBeDeleted/Genesys2_SVD/Genesys2_SVD.srcs/sources_1/imports/sources_1/new/math_unit.vhd:]
WARNING: [filemgmt 56-199] Attempt to get parsing info during refresh. "On-the-fly" syntax checking information may be incorrect. [/home/andrea/Documents/Genesys2_SVD_IPbus_ToBeDeleted/Genesys2_SVD/Genesys2_SVD.srcs/sources_1/imports/sources_1/new/calc_mult_factor.vhd:]
WARNING: [filemgmt 56-199] Attempt to get parsing info during refresh. "On-the-fly" syntax checking information may be incorrect. [/home/andrea/Documents/Genesys2_SVD_IPbus_ToBeDeleted/Genesys2_SVD/Genesys2_SVD.srcs/sources_1/imports/ipbus-firmware/boards/kc705/gmii/synth/firmware/hdl/top_kc705_gmii.vhd:]
WARNING: [filemgmt 56-199] Attempt to get parsing info during refresh. "On-the-fly" syntax checking information may be incorrect. [/home/andrea/Documents/Genesys2_SVD_IPbus_ToBeDeleted/Genesys2_SVD/Genesys2_SVD.srcs/sources_1/imports/ipbus-firmware/boards/kc705/gmii/synth/firmware/hdl/top_kc705_gmii.vhd:]
WARNING: [filemgmt 56-199] Attempt to get parsing info during refresh. "On-the-fly" syntax checking information may be incorrect. [/home/andrea/Documents/Genesys2_SVD_IPbus_ToBeDeleted/Genesys2_SVD/Genesys2_SVD.srcs/sources_1/imports/sources_1/imports/Sources/top_svd.vhd:]
WARNING: [filemgmt 56-199] Attempt to get parsing info during refresh. "On-the-fly" syntax checking information may be incorrect. [/home/andrea/Documents/Genesys2_SVD_IPbus_ToBeDeleted/Genesys2_SVD/Genesys2_SVD.srcs/sources_1/imports/sources_1/new/mat_mult_v2.vhd:]
WARNING: [filemgmt 56-199] Attempt to get parsing info during refresh. "On-the-fly" syntax checking information may be incorrect. [/home/andrea/Documents/Genesys2_SVD_IPbus_ToBeDeleted/Genesys2_SVD/Genesys2_SVD.srcs/sources_1/imports/ipbus-firmware/boards/kc705/gmii/synth/firmware/hdl/top_kc705_gmii.vhd:]
WARNING: [filemgmt 56-199] Attempt to get parsing info during refresh. "On-the-fly" syntax checking information may be incorrect. [/home/andrea/Documents/Genesys2_SVD_IPbus_ToBeDeleted/Genesys2_SVD/Genesys2_SVD.srcs/sources_1/imports/ipbus-firmware/components/ipbus_util/firmware/hdl/payload_example.vhd:]
WARNING: [filemgmt 56-199] Attempt to get parsing info during refresh. "On-the-fly" syntax checking information may be incorrect. [/home/andrea/Documents/Genesys2_SVD_IPbus_ToBeDeleted/Genesys2_SVD/Genesys2_SVD.srcs/sources_1/imports/sources_1/new/math_unit.vhd:]
WARNING: [filemgmt 56-199] Attempt to get parsing info during refresh. "On-the-fly" syntax checking information may be incorrect. [/home/andrea/Documents/Genesys2_SVD_IPbus_ToBeDeleted/Genesys2_SVD/Genesys2_SVD.srcs/sources_1/imports/sources_1/new/calc_mult_factor.vhd:]
WARNING: [filemgmt 56-199] Attempt to get parsing info during refresh. "On-the-fly" syntax checking information may be incorrect. [/home/andrea/Documents/Genesys2_SVD_IPbus_ToBeDeleted/Genesys2_SVD/Genesys2_SVD.srcs/sources_1/imports/sources_1/new/calc_mult_factor.vhd:]
WARNING: [filemgmt 56-199] Attempt to get parsing info during refresh. "On-the-fly" syntax checking information may be incorrect. [/home/andrea/Documents/Genesys2_SVD_IPbus_ToBeDeleted/Genesys2_SVD/Genesys2_SVD.srcs/sources_1/imports/sources_1/new/calc_mult_factor.vhd:]
WARNING: [filemgmt 56-199] Attempt to get parsing info during refresh. "On-the-fly" syntax checking information may be incorrect. [/home/andrea/Documents/Genesys2_SVD_IPbus_ToBeDeleted/Genesys2_SVD/Genesys2_SVD.srcs/sources_1/imports/sources_1/imports/Sources/top_svd.vhd:]
WARNING: [filemgmt 56-199] Attempt to get parsing info during refresh. "On-the-fly" syntax checking information may be incorrect. [/home/andrea/Documents/Genesys2_SVD_IPbus_ToBeDeleted/Genesys2_SVD/Genesys2_SVD.srcs/sources_1/imports/sources_1/new/mat_mult_v2.vhd:]
WARNING: [filemgmt 56-199] Attempt to get parsing info during refresh. "On-the-fly" syntax checking information may be incorrect. [/home/andrea/Documents/Genesys2_SVD_IPbus_ToBeDeleted/Genesys2_SVD/Genesys2_SVD.srcs/sources_1/imports/ipbus-firmware/boards/kc705/gmii/synth/firmware/hdl/top_kc705_gmii.vhd:]
WARNING: [filemgmt 56-199] Attempt to get parsing info during refresh. "On-the-fly" syntax checking information may be incorrect. [/home/andrea/Documents/Genesys2_SVD_IPbus_ToBeDeleted/Genesys2_SVD/Genesys2_SVD.srcs/sources_1/imports/ipbus-firmware/components/ipbus_util/firmware/hdl/payload_example.vhd:]
WARNING: [filemgmt 56-199] Attempt to get parsing info during refresh. "On-the-fly" syntax checking information may be incorrect. [/home/andrea/Documents/Genesys2_SVD_IPbus_ToBeDeleted/Genesys2_SVD/Genesys2_SVD.srcs/sources_1/imports/sources_1/new/math_unit.vhd:]
WARNING: [filemgmt 56-199] Attempt to get parsing info during refresh. "On-the-fly" syntax checking information may be incorrect. [/home/andrea/Documents/Genesys2_SVD_IPbus_ToBeDeleted/Genesys2_SVD/Genesys2_SVD.srcs/sources_1/imports/sources_1/new/calc_mult_factor.vhd:]
WARNING: [filemgmt 56-199] Attempt to get parsing info during refresh. "On-the-fly" syntax checking information may be incorrect. [/home/andrea/Documents/Genesys2_SVD_IPbus_ToBeDeleted/Genesys2_SVD/Genesys2_SVD.srcs/sources_1/imports/sources_1/imports/Sources/top_svd.vhd:]
WARNING: [filemgmt 56-199] Attempt to get parsing info during refresh. "On-the-fly" syntax checking information may be incorrect. [/home/andrea/Documents/Genesys2_SVD_IPbus_ToBeDeleted/Genesys2_SVD/Genesys2_SVD.srcs/sources_1/imports/sources_1/imports/Sources/top_svd.vhd:]
WARNING: [filemgmt 56-199] Attempt to get parsing info during refresh. "On-the-fly" syntax checking information may be incorrect. [/home/andrea/Documents/Genesys2_SVD_IPbus_ToBeDeleted/Genesys2_SVD/Genesys2_SVD.srcs/sources_1/imports/sources_1/imports/Sources/top_svd.vhd:]
WARNING: [filemgmt 56-199] Attempt to get parsing info during refresh. "On-the-fly" syntax checking information may be incorrect. [/home/andrea/Documents/Genesys2_SVD_IPbus_ToBeDeleted/Genesys2_SVD/Genesys2_SVD.srcs/sources_1/imports/sources_1/new/mat_mult_v2.vhd:]
WARNING: [filemgmt 56-199] Attempt to get parsing info during refresh. "On-the-fly" syntax checking information may be incorrect. [/home/andrea/Documents/Genesys2_SVD_IPbus_ToBeDeleted/Genesys2_SVD/Genesys2_SVD.srcs/sources_1/imports/ipbus-firmware/boards/kc705/gmii/synth/firmware/hdl/top_kc705_gmii.vhd:]
WARNING: [filemgmt 56-199] Attempt to get parsing info during refresh. "On-the-fly" syntax checking information may be incorrect. [/home/andrea/Documents/Genesys2_SVD_IPbus_ToBeDeleted/Genesys2_SVD/Genesys2_SVD.srcs/sources_1/imports/ipbus-firmware/components/ipbus_util/firmware/hdl/payload_example.vhd:]
WARNING: [filemgmt 56-199] Attempt to get parsing info during refresh. "On-the-fly" syntax checking information may be incorrect. [/home/andrea/Documents/Genesys2_SVD_IPbus_ToBeDeleted/Genesys2_SVD/Genesys2_SVD.srcs/sources_1/imports/sources_1/new/math_unit.vhd:]
WARNING: [filemgmt 56-199] Attempt to get parsing info during refresh. "On-the-fly" syntax checking information may be incorrect. [/home/andrea/Documents/Genesys2_SVD_IPbus_ToBeDeleted/Genesys2_SVD/Genesys2_SVD.srcs/sources_1/imports/sources_1/new/calc_mult_factor.vhd:]
WARNING: [filemgmt 56-199] Attempt to get parsing info during refresh. "On-the-fly" syntax checking information may be incorrect. [/home/andrea/Documents/Genesys2_SVD_IPbus_ToBeDeleted/Genesys2_SVD/Genesys2_SVD.srcs/sources_1/imports/sources_1/new/math_unit.vhd:]
WARNING: [filemgmt 56-199] Attempt to get parsing info during refresh. "On-the-fly" syntax checking information may be incorrect. [/home/andrea/Documents/Genesys2_SVD_IPbus_ToBeDeleted/Genesys2_SVD/Genesys2_SVD.srcs/sources_1/imports/sources_1/new/math_unit.vhd:]
WARNING: [filemgmt 56-199] Attempt to get parsing info during refresh. "On-the-fly" syntax checking information may be incorrect. [/home/andrea/Documents/Genesys2_SVD_IPbus_ToBeDeleted/Genesys2_SVD/Genesys2_SVD.srcs/sources_1/imports/sources_1/imports/Sources/top_svd.vhd:]
WARNING: [filemgmt 56-199] Attempt to get parsing info during refresh. "On-the-fly" syntax checking information may be incorrect. [/home/andrea/Documents/Genesys2_SVD_IPbus_ToBeDeleted/Genesys2_SVD/Genesys2_SVD.srcs/sources_1/imports/sources_1/new/mat_mult_v2.vhd:]
WARNING: [filemgmt 56-199] Attempt to get parsing info during refresh. "On-the-fly" syntax checking information may be incorrect. [/home/andrea/Documents/Genesys2_SVD_IPbus_ToBeDeleted/Genesys2_SVD/Genesys2_SVD.srcs/sources_1/imports/ipbus-firmware/boards/kc705/gmii/synth/firmware/hdl/top_kc705_gmii.vhd:]
WARNING: [filemgmt 56-199] Attempt to get parsing info during refresh. "On-the-fly" syntax checking information may be incorrect. [/home/andrea/Documents/Genesys2_SVD_IPbus_ToBeDeleted/Genesys2_SVD/Genesys2_SVD.srcs/sources_1/imports/ipbus-firmware/components/ipbus_util/firmware/hdl/payload_example.vhd:]
WARNING: [filemgmt 56-199] Attempt to get parsing info during refresh. "On-the-fly" syntax checking information may be incorrect. [/home/andrea/Documents/Genesys2_SVD_IPbus_ToBeDeleted/Genesys2_SVD/Genesys2_SVD.srcs/sources_1/imports/sources_1/new/math_unit.vhd:]
WARNING: [filemgmt 56-199] Attempt to get parsing info during refresh. "On-the-fly" syntax checking information may be incorrect. [/home/andrea/Documents/Genesys2_SVD_IPbus_ToBeDeleted/Genesys2_SVD/Genesys2_SVD.srcs/sources_1/imports/sources_1/new/calc_mult_factor.vhd:]
WARNING: [filemgmt 56-199] Attempt to get parsing info during refresh. "On-the-fly" syntax checking information may be incorrect. [/home/andrea/Documents/Genesys2_SVD_IPbus_ToBeDeleted/Genesys2_SVD/Genesys2_SVD.srcs/sources_1/imports/ipbus-firmware/components/ipbus_util/firmware/hdl/payload_example.vhd:]
WARNING: [filemgmt 56-199] Attempt to get parsing info during refresh. "On-the-fly" syntax checking information may be incorrect. [/home/andrea/Documents/Genesys2_SVD_IPbus_ToBeDeleted/Genesys2_SVD/Genesys2_SVD.srcs/sources_1/imports/ipbus-firmware/components/ipbus_util/firmware/hdl/payload_example.vhd:]
reset_run synth_1
launch_runs impl_1 -to_step write_bitstream -jobs 16
[Wed Dec  4 11:00:30 2024] Launched synth_1...
Run output will be captured here: /home/andrea/Documents/Genesys2_SVD_IPbus_ToBeDeleted/Genesys2_SVD/Genesys2_SVD.runs/synth_1/runme.log
[Wed Dec  4 11:00:30 2024] Launched impl_1...
Run output will be captured here: /home/andrea/Documents/Genesys2_SVD_IPbus_ToBeDeleted/Genesys2_SVD/Genesys2_SVD.runs/impl_1/runme.log
WARNING: [filemgmt 56-199] Attempt to get parsing info during refresh. "On-the-fly" syntax checking information may be incorrect. [/home/andrea/Documents/Genesys2_SVD_IPbus_ToBeDeleted/Genesys2_SVD/Genesys2_SVD.srcs/sources_1/imports/sources_1/imports/Sources/top_svd.vhd:]
WARNING: [filemgmt 56-199] Attempt to get parsing info during refresh. "On-the-fly" syntax checking information may be incorrect. [/home/andrea/Documents/Genesys2_SVD_IPbus_ToBeDeleted/Genesys2_SVD/Genesys2_SVD.srcs/sources_1/imports/sources_1/new/mat_mult_v2.vhd:]
WARNING: [filemgmt 56-199] Attempt to get parsing info during refresh. "On-the-fly" syntax checking information may be incorrect. [/home/andrea/Documents/Genesys2_SVD_IPbus_ToBeDeleted/Genesys2_SVD/Genesys2_SVD.srcs/sources_1/imports/ipbus-firmware/boards/kc705/gmii/synth/firmware/hdl/top_kc705_gmii.vhd:]
WARNING: [filemgmt 56-199] Attempt to get parsing info during refresh. "On-the-fly" syntax checking information may be incorrect. [/home/andrea/Documents/Genesys2_SVD_IPbus_ToBeDeleted/Genesys2_SVD/Genesys2_SVD.srcs/sources_1/imports/ipbus-firmware/components/ipbus_util/firmware/hdl/payload_example.vhd:]
WARNING: [filemgmt 56-199] Attempt to get parsing info during refresh. "On-the-fly" syntax checking information may be incorrect. [/home/andrea/Documents/Genesys2_SVD_IPbus_ToBeDeleted/Genesys2_SVD/Genesys2_SVD.srcs/sources_1/imports/sources_1/new/math_unit.vhd:]
WARNING: [filemgmt 56-199] Attempt to get parsing info during refresh. "On-the-fly" syntax checking information may be incorrect. [/home/andrea/Documents/Genesys2_SVD_IPbus_ToBeDeleted/Genesys2_SVD/Genesys2_SVD.srcs/sources_1/imports/sources_1/new/calc_mult_factor.vhd:]
WARNING: [filemgmt 56-199] Attempt to get parsing info during refresh. "On-the-fly" syntax checking information may be incorrect. [/home/andrea/Documents/Genesys2_SVD_IPbus_ToBeDeleted/Genesys2_SVD/Genesys2_SVD.srcs/sources_1/imports/ipbus-firmware/components/ipbus_util/firmware/hdl/payload_example.vhd:]
WARNING: [filemgmt 56-199] Attempt to get parsing info during refresh. "On-the-fly" syntax checking information may be incorrect. [/home/andrea/Documents/Genesys2_SVD_IPbus_ToBeDeleted/Genesys2_SVD/Genesys2_SVD.srcs/sources_1/imports/ipbus-firmware/components/ipbus_util/firmware/hdl/payload_example.vhd:]
WARNING: [filemgmt 56-199] Attempt to get parsing info during refresh. "On-the-fly" syntax checking information may be incorrect. [/home/andrea/Documents/Genesys2_SVD_IPbus_ToBeDeleted/Genesys2_SVD/Genesys2_SVD.srcs/sources_1/imports/sources_1/imports/Sources/top_svd.vhd:]
WARNING: [filemgmt 56-199] Attempt to get parsing info during refresh. "On-the-fly" syntax checking information may be incorrect. [/home/andrea/Documents/Genesys2_SVD_IPbus_ToBeDeleted/Genesys2_SVD/Genesys2_SVD.srcs/sources_1/imports/sources_1/new/mat_mult_v2.vhd:]
WARNING: [filemgmt 56-199] Attempt to get parsing info during refresh. "On-the-fly" syntax checking information may be incorrect. [/home/andrea/Documents/Genesys2_SVD_IPbus_ToBeDeleted/Genesys2_SVD/Genesys2_SVD.srcs/sources_1/imports/ipbus-firmware/boards/kc705/gmii/synth/firmware/hdl/top_kc705_gmii.vhd:]
WARNING: [filemgmt 56-199] Attempt to get parsing info during refresh. "On-the-fly" syntax checking information may be incorrect. [/home/andrea/Documents/Genesys2_SVD_IPbus_ToBeDeleted/Genesys2_SVD/Genesys2_SVD.srcs/sources_1/imports/ipbus-firmware/components/ipbus_util/firmware/hdl/payload_example.vhd:]
WARNING: [filemgmt 56-199] Attempt to get parsing info during refresh. "On-the-fly" syntax checking information may be incorrect. [/home/andrea/Documents/Genesys2_SVD_IPbus_ToBeDeleted/Genesys2_SVD/Genesys2_SVD.srcs/sources_1/imports/sources_1/new/math_unit.vhd:]
WARNING: [filemgmt 56-199] Attempt to get parsing info during refresh. "On-the-fly" syntax checking information may be incorrect. [/home/andrea/Documents/Genesys2_SVD_IPbus_ToBeDeleted/Genesys2_SVD/Genesys2_SVD.srcs/sources_1/imports/sources_1/new/calc_mult_factor.vhd:]
WARNING: [filemgmt 56-199] Attempt to get parsing info during refresh. "On-the-fly" syntax checking information may be incorrect. [/home/andrea/Documents/Genesys2_SVD_IPbus_ToBeDeleted/Genesys2_SVD/Genesys2_SVD.srcs/sources_1/imports/sources_1/new/calc_mult_factor.vhd:]
WARNING: [filemgmt 56-199] Attempt to get parsing info during refresh. "On-the-fly" syntax checking information may be incorrect. [/home/andrea/Documents/Genesys2_SVD_IPbus_ToBeDeleted/Genesys2_SVD/Genesys2_SVD.srcs/sources_1/imports/sources_1/new/calc_mult_factor.vhd:]
WARNING: [filemgmt 56-199] Attempt to get parsing info during refresh. "On-the-fly" syntax checking information may be incorrect. [/home/andrea/Documents/Genesys2_SVD_IPbus_ToBeDeleted/Genesys2_SVD/Genesys2_SVD.srcs/sources_1/imports/sources_1/imports/Sources/top_svd.vhd:]
WARNING: [filemgmt 56-199] Attempt to get parsing info during refresh. "On-the-fly" syntax checking information may be incorrect. [/home/andrea/Documents/Genesys2_SVD_IPbus_ToBeDeleted/Genesys2_SVD/Genesys2_SVD.srcs/sources_1/imports/sources_1/new/mat_mult_v2.vhd:]
WARNING: [filemgmt 56-199] Attempt to get parsing info during refresh. "On-the-fly" syntax checking information may be incorrect. [/home/andrea/Documents/Genesys2_SVD_IPbus_ToBeDeleted/Genesys2_SVD/Genesys2_SVD.srcs/sources_1/imports/ipbus-firmware/boards/kc705/gmii/synth/firmware/hdl/top_kc705_gmii.vhd:]
WARNING: [filemgmt 56-199] Attempt to get parsing info during refresh. "On-the-fly" syntax checking information may be incorrect. [/home/andrea/Documents/Genesys2_SVD_IPbus_ToBeDeleted/Genesys2_SVD/Genesys2_SVD.srcs/sources_1/imports/ipbus-firmware/components/ipbus_util/firmware/hdl/payload_example.vhd:]
WARNING: [filemgmt 56-199] Attempt to get parsing info during refresh. "On-the-fly" syntax checking information may be incorrect. [/home/andrea/Documents/Genesys2_SVD_IPbus_ToBeDeleted/Genesys2_SVD/Genesys2_SVD.srcs/sources_1/imports/sources_1/new/math_unit.vhd:]
WARNING: [filemgmt 56-199] Attempt to get parsing info during refresh. "On-the-fly" syntax checking information may be incorrect. [/home/andrea/Documents/Genesys2_SVD_IPbus_ToBeDeleted/Genesys2_SVD/Genesys2_SVD.srcs/sources_1/imports/sources_1/new/calc_mult_factor.vhd:]
WARNING: [filemgmt 56-199] Attempt to get parsing info during refresh. "On-the-fly" syntax checking information may be incorrect. [/home/andrea/Documents/Genesys2_SVD_IPbus_ToBeDeleted/Genesys2_SVD/Genesys2_SVD.srcs/sources_1/imports/sources_1/imports/Sources/top_svd.vhd:]
WARNING: [filemgmt 56-199] Attempt to get parsing info during refresh. "On-the-fly" syntax checking information may be incorrect. [/home/andrea/Documents/Genesys2_SVD_IPbus_ToBeDeleted/Genesys2_SVD/Genesys2_SVD.srcs/sources_1/imports/sources_1/imports/Sources/top_svd.vhd:]
WARNING: [filemgmt 56-199] Attempt to get parsing info during refresh. "On-the-fly" syntax checking information may be incorrect. [/home/andrea/Documents/Genesys2_SVD_IPbus_ToBeDeleted/Genesys2_SVD/Genesys2_SVD.srcs/sources_1/imports/sources_1/imports/Sources/top_svd.vhd:]
WARNING: [filemgmt 56-199] Attempt to get parsing info during refresh. "On-the-fly" syntax checking information may be incorrect. [/home/andrea/Documents/Genesys2_SVD_IPbus_ToBeDeleted/Genesys2_SVD/Genesys2_SVD.srcs/sources_1/imports/sources_1/new/mat_mult_v2.vhd:]
WARNING: [filemgmt 56-199] Attempt to get parsing info during refresh. "On-the-fly" syntax checking information may be incorrect. [/home/andrea/Documents/Genesys2_SVD_IPbus_ToBeDeleted/Genesys2_SVD/Genesys2_SVD.srcs/sources_1/imports/ipbus-firmware/boards/kc705/gmii/synth/firmware/hdl/top_kc705_gmii.vhd:]
WARNING: [filemgmt 56-199] Attempt to get parsing info during refresh. "On-the-fly" syntax checking information may be incorrect. [/home/andrea/Documents/Genesys2_SVD_IPbus_ToBeDeleted/Genesys2_SVD/Genesys2_SVD.srcs/sources_1/imports/ipbus-firmware/components/ipbus_util/firmware/hdl/payload_example.vhd:]
WARNING: [filemgmt 56-199] Attempt to get parsing info during refresh. "On-the-fly" syntax checking information may be incorrect. [/home/andrea/Documents/Genesys2_SVD_IPbus_ToBeDeleted/Genesys2_SVD/Genesys2_SVD.srcs/sources_1/imports/sources_1/new/math_unit.vhd:]
WARNING: [filemgmt 56-199] Attempt to get parsing info during refresh. "On-the-fly" syntax checking information may be incorrect. [/home/andrea/Documents/Genesys2_SVD_IPbus_ToBeDeleted/Genesys2_SVD/Genesys2_SVD.srcs/sources_1/imports/sources_1/new/calc_mult_factor.vhd:]
WARNING: [filemgmt 56-199] Attempt to get parsing info during refresh. "On-the-fly" syntax checking information may be incorrect. [/home/andrea/Documents/Genesys2_SVD_IPbus_ToBeDeleted/Genesys2_SVD/Genesys2_SVD.srcs/sources_1/imports/sources_1/new/math_unit.vhd:]
WARNING: [filemgmt 56-199] Attempt to get parsing info during refresh. "On-the-fly" syntax checking information may be incorrect. [/home/andrea/Documents/Genesys2_SVD_IPbus_ToBeDeleted/Genesys2_SVD/Genesys2_SVD.srcs/sources_1/imports/sources_1/new/math_unit.vhd:]
WARNING: [filemgmt 56-199] Attempt to get parsing info during refresh. "On-the-fly" syntax checking information may be incorrect. [/home/andrea/Documents/Genesys2_SVD_IPbus_ToBeDeleted/Genesys2_SVD/Genesys2_SVD.srcs/sources_1/imports/sources_1/imports/Sources/top_svd.vhd:]
WARNING: [filemgmt 56-199] Attempt to get parsing info during refresh. "On-the-fly" syntax checking information may be incorrect. [/home/andrea/Documents/Genesys2_SVD_IPbus_ToBeDeleted/Genesys2_SVD/Genesys2_SVD.srcs/sources_1/imports/sources_1/new/mat_mult_v2.vhd:]
WARNING: [filemgmt 56-199] Attempt to get parsing info during refresh. "On-the-fly" syntax checking information may be incorrect. [/home/andrea/Documents/Genesys2_SVD_IPbus_ToBeDeleted/Genesys2_SVD/Genesys2_SVD.srcs/sources_1/imports/ipbus-firmware/boards/kc705/gmii/synth/firmware/hdl/top_kc705_gmii.vhd:]
WARNING: [filemgmt 56-199] Attempt to get parsing info during refresh. "On-the-fly" syntax checking information may be incorrect. [/home/andrea/Documents/Genesys2_SVD_IPbus_ToBeDeleted/Genesys2_SVD/Genesys2_SVD.srcs/sources_1/imports/ipbus-firmware/components/ipbus_util/firmware/hdl/payload_example.vhd:]
WARNING: [filemgmt 56-199] Attempt to get parsing info during refresh. "On-the-fly" syntax checking information may be incorrect. [/home/andrea/Documents/Genesys2_SVD_IPbus_ToBeDeleted/Genesys2_SVD/Genesys2_SVD.srcs/sources_1/imports/sources_1/new/math_unit.vhd:]
WARNING: [filemgmt 56-199] Attempt to get parsing info during refresh. "On-the-fly" syntax checking information may be incorrect. [/home/andrea/Documents/Genesys2_SVD_IPbus_ToBeDeleted/Genesys2_SVD/Genesys2_SVD.srcs/sources_1/imports/sources_1/new/calc_mult_factor.vhd:]
WARNING: [filemgmt 56-199] Attempt to get parsing info during refresh. "On-the-fly" syntax checking information may be incorrect. [/home/andrea/Documents/Genesys2_SVD_IPbus_ToBeDeleted/Genesys2_SVD/Genesys2_SVD.srcs/sources_1/imports/ipbus-firmware/boards/kc705/gmii/synth/firmware/hdl/top_kc705_gmii.vhd:]
WARNING: [filemgmt 56-199] Attempt to get parsing info during refresh. "On-the-fly" syntax checking information may be incorrect. [/home/andrea/Documents/Genesys2_SVD_IPbus_ToBeDeleted/Genesys2_SVD/Genesys2_SVD.srcs/sources_1/imports/ipbus-firmware/boards/kc705/gmii/synth/firmware/hdl/top_kc705_gmii.vhd:]
reset_run synth_1
launch_runs impl_1 -to_step write_bitstream -jobs 16
[Wed Dec  4 11:08:12 2024] Launched synth_1...
Run output will be captured here: /home/andrea/Documents/Genesys2_SVD_IPbus_ToBeDeleted/Genesys2_SVD/Genesys2_SVD.runs/synth_1/runme.log
[Wed Dec  4 11:08:12 2024] Launched impl_1...
Run output will be captured here: /home/andrea/Documents/Genesys2_SVD_IPbus_ToBeDeleted/Genesys2_SVD/Genesys2_SVD.runs/impl_1/runme.log
set_property PROBES.FILE {} [get_hw_devices xc7k325t_0]
set_property FULL_PROBES.FILE {} [get_hw_devices xc7k325t_0]
set_property PROGRAM.FILE {/home/andrea/Documents/Genesys2_SVD_IPbus_ToBeDeleted/Genesys2_SVD/Genesys2_SVD.runs/impl_1/top.bit} [get_hw_devices xc7k325t_0]
program_hw_devices [get_hw_devices xc7k325t_0]
INFO: [Labtools 27-3164] End of startup status: HIGH
refresh_hw_device [lindex [get_hw_devices xc7k325t_0] 0]
INFO: [Labtools 27-1434] Device xc7k325t (JTAG device index = 0) is programmed with a design that has no supported debug core(s) in it.
close_hw_manager
WARNING: [filemgmt 56-199] Attempt to get parsing info during refresh. "On-the-fly" syntax checking information may be incorrect. [/home/andrea/Documents/Genesys2_SVD_IPbus_ToBeDeleted/Genesys2_SVD/Genesys2_SVD.srcs/sim_1/new/tb_top_svd.vhd:]
WARNING: [filemgmt 56-199] Attempt to get parsing info during refresh. "On-the-fly" syntax checking information may be incorrect. [/home/andrea/Documents/Genesys2_SVD_IPbus_ToBeDeleted/Genesys2_SVD/Genesys2_SVD.srcs/sources_1/imports/sources_1/imports/Sources/top_svd.vhd:]
WARNING: [filemgmt 56-199] Attempt to get parsing info during refresh. "On-the-fly" syntax checking information may be incorrect. [/home/andrea/Documents/Genesys2_SVD_IPbus_ToBeDeleted/Genesys2_SVD/Genesys2_SVD.srcs/sources_1/imports/sources_1/new/mat_mult_v2.vhd:]
WARNING: [filemgmt 56-199] Attempt to get parsing info during refresh. "On-the-fly" syntax checking information may be incorrect. [/home/andrea/Documents/Genesys2_SVD_IPbus_ToBeDeleted/Genesys2_SVD/Genesys2_SVD.srcs/sources_1/imports/ipbus-firmware/boards/kc705/gmii/synth/firmware/hdl/top_kc705_gmii.vhd:]
WARNING: [filemgmt 56-199] Attempt to get parsing info during refresh. "On-the-fly" syntax checking information may be incorrect. [/home/andrea/Documents/Genesys2_SVD_IPbus_ToBeDeleted/Genesys2_SVD/Genesys2_SVD.srcs/sources_1/imports/ipbus-firmware/components/ipbus_util/firmware/hdl/payload_example.vhd:]
WARNING: [filemgmt 56-199] Attempt to get parsing info during refresh. "On-the-fly" syntax checking information may be incorrect. [/home/andrea/Documents/Genesys2_SVD_IPbus_ToBeDeleted/Genesys2_SVD/Genesys2_SVD.srcs/sources_1/imports/sources_1/new/math_unit.vhd:]
WARNING: [filemgmt 56-199] Attempt to get parsing info during refresh. "On-the-fly" syntax checking information may be incorrect. [/home/andrea/Documents/Genesys2_SVD_IPbus_ToBeDeleted/Genesys2_SVD/Genesys2_SVD.srcs/sources_1/imports/sources_1/new/calc_mult_factor.vhd:]
WARNING: [filemgmt 56-199] Attempt to get parsing info during refresh. "On-the-fly" syntax checking information may be incorrect. [/home/andrea/Documents/Genesys2_SVD_IPbus_ToBeDeleted/Genesys2_SVD/Genesys2_SVD.srcs/sources_1/imports/ipbus-firmware/boards/kc705/gmii/synth/firmware/hdl/top_kc705_gmii.vhd:]
WARNING: [filemgmt 56-199] Attempt to get parsing info during refresh. "On-the-fly" syntax checking information may be incorrect. [/home/andrea/Documents/Genesys2_SVD_IPbus_ToBeDeleted/Genesys2_SVD/Genesys2_SVD.srcs/sources_1/imports/ipbus-firmware/boards/kc705/gmii/synth/firmware/hdl/top_kc705_gmii.vhd:]
WARNING: [filemgmt 56-199] Attempt to get parsing info during refresh. "On-the-fly" syntax checking information may be incorrect. [/home/andrea/Documents/Genesys2_SVD_IPbus_ToBeDeleted/Genesys2_SVD/Genesys2_SVD.srcs/sim_1/new/tb_top_svd.vhd:]
WARNING: [filemgmt 56-199] Attempt to get parsing info during refresh. "On-the-fly" syntax checking information may be incorrect. [/home/andrea/Documents/Genesys2_SVD_IPbus_ToBeDeleted/Genesys2_SVD/Genesys2_SVD.srcs/sources_1/imports/sources_1/imports/Sources/top_svd.vhd:]
WARNING: [filemgmt 56-199] Attempt to get parsing info during refresh. "On-the-fly" syntax checking information may be incorrect. [/home/andrea/Documents/Genesys2_SVD_IPbus_ToBeDeleted/Genesys2_SVD/Genesys2_SVD.srcs/sources_1/imports/sources_1/new/mat_mult_v2.vhd:]
WARNING: [filemgmt 56-199] Attempt to get parsing info during refresh. "On-the-fly" syntax checking information may be incorrect. [/home/andrea/Documents/Genesys2_SVD_IPbus_ToBeDeleted/Genesys2_SVD/Genesys2_SVD.srcs/sources_1/imports/ipbus-firmware/boards/kc705/gmii/synth/firmware/hdl/top_kc705_gmii.vhd:]
WARNING: [filemgmt 56-199] Attempt to get parsing info during refresh. "On-the-fly" syntax checking information may be incorrect. [/home/andrea/Documents/Genesys2_SVD_IPbus_ToBeDeleted/Genesys2_SVD/Genesys2_SVD.srcs/sources_1/imports/ipbus-firmware/components/ipbus_util/firmware/hdl/payload_example.vhd:]
WARNING: [filemgmt 56-199] Attempt to get parsing info during refresh. "On-the-fly" syntax checking information may be incorrect. [/home/andrea/Documents/Genesys2_SVD_IPbus_ToBeDeleted/Genesys2_SVD/Genesys2_SVD.srcs/sources_1/imports/sources_1/new/math_unit.vhd:]
WARNING: [filemgmt 56-199] Attempt to get parsing info during refresh. "On-the-fly" syntax checking information may be incorrect. [/home/andrea/Documents/Genesys2_SVD_IPbus_ToBeDeleted/Genesys2_SVD/Genesys2_SVD.srcs/sources_1/imports/sources_1/new/calc_mult_factor.vhd:]
WARNING: [filemgmt 56-199] Attempt to get parsing info during refresh. "On-the-fly" syntax checking information may be incorrect. [/home/andrea/Documents/Genesys2_SVD_IPbus_ToBeDeleted/Genesys2_SVD/Genesys2_SVD.srcs/sources_1/imports/sources_1/new/calc_mult_factor.vhd:]
WARNING: [filemgmt 56-199] Attempt to get parsing info during refresh. "On-the-fly" syntax checking information may be incorrect. [/home/andrea/Documents/Genesys2_SVD_IPbus_ToBeDeleted/Genesys2_SVD/Genesys2_SVD.srcs/sources_1/imports/sources_1/new/calc_mult_factor.vhd:]
WARNING: [filemgmt 56-199] Attempt to get parsing info during refresh. "On-the-fly" syntax checking information may be incorrect. [/home/andrea/Documents/Genesys2_SVD_IPbus_ToBeDeleted/Genesys2_SVD/Genesys2_SVD.srcs/sim_1/new/tb_top_svd.vhd:]
WARNING: [filemgmt 56-199] Attempt to get parsing info during refresh. "On-the-fly" syntax checking information may be incorrect. [/home/andrea/Documents/Genesys2_SVD_IPbus_ToBeDeleted/Genesys2_SVD/Genesys2_SVD.srcs/sources_1/imports/sources_1/imports/Sources/top_svd.vhd:]
WARNING: [filemgmt 56-199] Attempt to get parsing info during refresh. "On-the-fly" syntax checking information may be incorrect. [/home/andrea/Documents/Genesys2_SVD_IPbus_ToBeDeleted/Genesys2_SVD/Genesys2_SVD.srcs/sources_1/imports/sources_1/new/mat_mult_v2.vhd:]
WARNING: [filemgmt 56-199] Attempt to get parsing info during refresh. "On-the-fly" syntax checking information may be incorrect. [/home/andrea/Documents/Genesys2_SVD_IPbus_ToBeDeleted/Genesys2_SVD/Genesys2_SVD.srcs/sources_1/imports/ipbus-firmware/boards/kc705/gmii/synth/firmware/hdl/top_kc705_gmii.vhd:]
WARNING: [filemgmt 56-199] Attempt to get parsing info during refresh. "On-the-fly" syntax checking information may be incorrect. [/home/andrea/Documents/Genesys2_SVD_IPbus_ToBeDeleted/Genesys2_SVD/Genesys2_SVD.srcs/sources_1/imports/ipbus-firmware/components/ipbus_util/firmware/hdl/payload_example.vhd:]
WARNING: [filemgmt 56-199] Attempt to get parsing info during refresh. "On-the-fly" syntax checking information may be incorrect. [/home/andrea/Documents/Genesys2_SVD_IPbus_ToBeDeleted/Genesys2_SVD/Genesys2_SVD.srcs/sources_1/imports/sources_1/new/math_unit.vhd:]
WARNING: [filemgmt 56-199] Attempt to get parsing info during refresh. "On-the-fly" syntax checking information may be incorrect. [/home/andrea/Documents/Genesys2_SVD_IPbus_ToBeDeleted/Genesys2_SVD/Genesys2_SVD.srcs/sources_1/imports/sources_1/new/calc_mult_factor.vhd:]
WARNING: [filemgmt 56-199] Attempt to get parsing info during refresh. "On-the-fly" syntax checking information may be incorrect. [/home/andrea/Documents/Genesys2_SVD_IPbus_ToBeDeleted/Genesys2_SVD/Genesys2_SVD.srcs/sources_1/imports/sources_1/imports/Sources/top_svd.vhd:]
WARNING: [filemgmt 56-199] Attempt to get parsing info during refresh. "On-the-fly" syntax checking information may be incorrect. [/home/andrea/Documents/Genesys2_SVD_IPbus_ToBeDeleted/Genesys2_SVD/Genesys2_SVD.srcs/sources_1/imports/sources_1/imports/Sources/top_svd.vhd:]
WARNING: [filemgmt 56-199] Attempt to get parsing info during refresh. "On-the-fly" syntax checking information may be incorrect. [/home/andrea/Documents/Genesys2_SVD_IPbus_ToBeDeleted/Genesys2_SVD/Genesys2_SVD.srcs/sim_1/new/tb_top_svd.vhd:]
WARNING: [filemgmt 56-199] Attempt to get parsing info during refresh. "On-the-fly" syntax checking information may be incorrect. [/home/andrea/Documents/Genesys2_SVD_IPbus_ToBeDeleted/Genesys2_SVD/Genesys2_SVD.srcs/sources_1/imports/sources_1/imports/Sources/top_svd.vhd:]
WARNING: [filemgmt 56-199] Attempt to get parsing info during refresh. "On-the-fly" syntax checking information may be incorrect. [/home/andrea/Documents/Genesys2_SVD_IPbus_ToBeDeleted/Genesys2_SVD/Genesys2_SVD.srcs/sources_1/imports/sources_1/new/mat_mult_v2.vhd:]
WARNING: [filemgmt 56-199] Attempt to get parsing info during refresh. "On-the-fly" syntax checking information may be incorrect. [/home/andrea/Documents/Genesys2_SVD_IPbus_ToBeDeleted/Genesys2_SVD/Genesys2_SVD.srcs/sources_1/imports/ipbus-firmware/boards/kc705/gmii/synth/firmware/hdl/top_kc705_gmii.vhd:]
WARNING: [filemgmt 56-199] Attempt to get parsing info during refresh. "On-the-fly" syntax checking information may be incorrect. [/home/andrea/Documents/Genesys2_SVD_IPbus_ToBeDeleted/Genesys2_SVD/Genesys2_SVD.srcs/sources_1/imports/ipbus-firmware/components/ipbus_util/firmware/hdl/payload_example.vhd:]
WARNING: [filemgmt 56-199] Attempt to get parsing info during refresh. "On-the-fly" syntax checking information may be incorrect. [/home/andrea/Documents/Genesys2_SVD_IPbus_ToBeDeleted/Genesys2_SVD/Genesys2_SVD.srcs/sources_1/imports/sources_1/new/math_unit.vhd:]
WARNING: [filemgmt 56-199] Attempt to get parsing info during refresh. "On-the-fly" syntax checking information may be incorrect. [/home/andrea/Documents/Genesys2_SVD_IPbus_ToBeDeleted/Genesys2_SVD/Genesys2_SVD.srcs/sources_1/imports/sources_1/new/calc_mult_factor.vhd:]
WARNING: [filemgmt 56-199] Attempt to get parsing info during refresh. "On-the-fly" syntax checking information may be incorrect. [/home/andrea/Documents/Genesys2_SVD_IPbus_ToBeDeleted/Genesys2_SVD/Genesys2_SVD.srcs/sources_1/imports/sources_1/new/math_unit.vhd:]
WARNING: [filemgmt 56-199] Attempt to get parsing info during refresh. "On-the-fly" syntax checking information may be incorrect. [/home/andrea/Documents/Genesys2_SVD_IPbus_ToBeDeleted/Genesys2_SVD/Genesys2_SVD.srcs/sources_1/imports/sources_1/new/math_unit.vhd:]
WARNING: [filemgmt 56-199] Attempt to get parsing info during refresh. "On-the-fly" syntax checking information may be incorrect. [/home/andrea/Documents/Genesys2_SVD_IPbus_ToBeDeleted/Genesys2_SVD/Genesys2_SVD.srcs/sim_1/new/tb_top_svd.vhd:]
WARNING: [filemgmt 56-199] Attempt to get parsing info during refresh. "On-the-fly" syntax checking information may be incorrect. [/home/andrea/Documents/Genesys2_SVD_IPbus_ToBeDeleted/Genesys2_SVD/Genesys2_SVD.srcs/sources_1/imports/sources_1/imports/Sources/top_svd.vhd:]
WARNING: [filemgmt 56-199] Attempt to get parsing info during refresh. "On-the-fly" syntax checking information may be incorrect. [/home/andrea/Documents/Genesys2_SVD_IPbus_ToBeDeleted/Genesys2_SVD/Genesys2_SVD.srcs/sources_1/imports/sources_1/new/mat_mult_v2.vhd:]
WARNING: [filemgmt 56-199] Attempt to get parsing info during refresh. "On-the-fly" syntax checking information may be incorrect. [/home/andrea/Documents/Genesys2_SVD_IPbus_ToBeDeleted/Genesys2_SVD/Genesys2_SVD.srcs/sources_1/imports/ipbus-firmware/boards/kc705/gmii/synth/firmware/hdl/top_kc705_gmii.vhd:]
WARNING: [filemgmt 56-199] Attempt to get parsing info during refresh. "On-the-fly" syntax checking information may be incorrect. [/home/andrea/Documents/Genesys2_SVD_IPbus_ToBeDeleted/Genesys2_SVD/Genesys2_SVD.srcs/sources_1/imports/ipbus-firmware/components/ipbus_util/firmware/hdl/payload_example.vhd:]
WARNING: [filemgmt 56-199] Attempt to get parsing info during refresh. "On-the-fly" syntax checking information may be incorrect. [/home/andrea/Documents/Genesys2_SVD_IPbus_ToBeDeleted/Genesys2_SVD/Genesys2_SVD.srcs/sources_1/imports/sources_1/new/math_unit.vhd:]
WARNING: [filemgmt 56-199] Attempt to get parsing info during refresh. "On-the-fly" syntax checking information may be incorrect. [/home/andrea/Documents/Genesys2_SVD_IPbus_ToBeDeleted/Genesys2_SVD/Genesys2_SVD.srcs/sources_1/imports/sources_1/new/calc_mult_factor.vhd:]
WARNING: [filemgmt 56-199] Attempt to get parsing info during refresh. "On-the-fly" syntax checking information may be incorrect. [/home/andrea/Documents/Genesys2_SVD_IPbus_ToBeDeleted/Genesys2_SVD/Genesys2_SVD.srcs/sim_1/new/tb_top_svd.vhd:]
WARNING: [filemgmt 56-199] Attempt to get parsing info during refresh. "On-the-fly" syntax checking information may be incorrect. [/home/andrea/Documents/Genesys2_SVD_IPbus_ToBeDeleted/Genesys2_SVD/Genesys2_SVD.srcs/sim_1/new/tb_top_svd.vhd:]
WARNING: [filemgmt 56-199] Attempt to get parsing info during refresh. "On-the-fly" syntax checking information may be incorrect. [/home/andrea/Documents/Genesys2_SVD_IPbus_ToBeDeleted/Genesys2_SVD/Genesys2_SVD.srcs/sim_1/new/tb_top_svd.vhd:]
WARNING: [filemgmt 56-199] Attempt to get parsing info during refresh. "On-the-fly" syntax checking information may be incorrect. [/home/andrea/Documents/Genesys2_SVD_IPbus_ToBeDeleted/Genesys2_SVD/Genesys2_SVD.srcs/sources_1/imports/sources_1/imports/Sources/top_svd.vhd:]
WARNING: [filemgmt 56-199] Attempt to get parsing info during refresh. "On-the-fly" syntax checking information may be incorrect. [/home/andrea/Documents/Genesys2_SVD_IPbus_ToBeDeleted/Genesys2_SVD/Genesys2_SVD.srcs/sources_1/imports/sources_1/new/mat_mult_v2.vhd:]
WARNING: [filemgmt 56-199] Attempt to get parsing info during refresh. "On-the-fly" syntax checking information may be incorrect. [/home/andrea/Documents/Genesys2_SVD_IPbus_ToBeDeleted/Genesys2_SVD/Genesys2_SVD.srcs/sources_1/imports/ipbus-firmware/boards/kc705/gmii/synth/firmware/hdl/top_kc705_gmii.vhd:]
WARNING: [filemgmt 56-199] Attempt to get parsing info during refresh. "On-the-fly" syntax checking information may be incorrect. [/home/andrea/Documents/Genesys2_SVD_IPbus_ToBeDeleted/Genesys2_SVD/Genesys2_SVD.srcs/sources_1/imports/ipbus-firmware/components/ipbus_util/firmware/hdl/payload_example.vhd:]
WARNING: [filemgmt 56-199] Attempt to get parsing info during refresh. "On-the-fly" syntax checking information may be incorrect. [/home/andrea/Documents/Genesys2_SVD_IPbus_ToBeDeleted/Genesys2_SVD/Genesys2_SVD.srcs/sources_1/imports/sources_1/new/math_unit.vhd:]
WARNING: [filemgmt 56-199] Attempt to get parsing info during refresh. "On-the-fly" syntax checking information may be incorrect. [/home/andrea/Documents/Genesys2_SVD_IPbus_ToBeDeleted/Genesys2_SVD/Genesys2_SVD.srcs/sources_1/imports/sources_1/new/calc_mult_factor.vhd:]
WARNING: [filemgmt 56-199] Attempt to get parsing info during refresh. "On-the-fly" syntax checking information may be incorrect. [/home/andrea/Documents/Genesys2_SVD_IPbus_ToBeDeleted/Genesys2_SVD/Genesys2_SVD.srcs/sources_1/imports/ipbus-firmware/components/ipbus_util/firmware/hdl/payload_example.vhd:]
WARNING: [filemgmt 56-199] Attempt to get parsing info during refresh. "On-the-fly" syntax checking information may be incorrect. [/home/andrea/Documents/Genesys2_SVD_IPbus_ToBeDeleted/Genesys2_SVD/Genesys2_SVD.srcs/sources_1/imports/ipbus-firmware/components/ipbus_util/firmware/hdl/payload_example.vhd:]
WARNING: [filemgmt 56-199] Attempt to get parsing info during refresh. "On-the-fly" syntax checking information may be incorrect. [/home/andrea/Documents/Genesys2_SVD_IPbus_ToBeDeleted/Genesys2_SVD/Genesys2_SVD.srcs/sim_1/new/tb_top_svd.vhd:]
WARNING: [filemgmt 56-199] Attempt to get parsing info during refresh. "On-the-fly" syntax checking information may be incorrect. [/home/andrea/Documents/Genesys2_SVD_IPbus_ToBeDeleted/Genesys2_SVD/Genesys2_SVD.srcs/sources_1/imports/sources_1/imports/Sources/top_svd.vhd:]
WARNING: [filemgmt 56-199] Attempt to get parsing info during refresh. "On-the-fly" syntax checking information may be incorrect. [/home/andrea/Documents/Genesys2_SVD_IPbus_ToBeDeleted/Genesys2_SVD/Genesys2_SVD.srcs/sources_1/imports/sources_1/new/mat_mult_v2.vhd:]
WARNING: [filemgmt 56-199] Attempt to get parsing info during refresh. "On-the-fly" syntax checking information may be incorrect. [/home/andrea/Documents/Genesys2_SVD_IPbus_ToBeDeleted/Genesys2_SVD/Genesys2_SVD.srcs/sources_1/imports/ipbus-firmware/boards/kc705/gmii/synth/firmware/hdl/top_kc705_gmii.vhd:]
WARNING: [filemgmt 56-199] Attempt to get parsing info during refresh. "On-the-fly" syntax checking information may be incorrect. [/home/andrea/Documents/Genesys2_SVD_IPbus_ToBeDeleted/Genesys2_SVD/Genesys2_SVD.srcs/sources_1/imports/ipbus-firmware/components/ipbus_util/firmware/hdl/payload_example.vhd:]
WARNING: [filemgmt 56-199] Attempt to get parsing info during refresh. "On-the-fly" syntax checking information may be incorrect. [/home/andrea/Documents/Genesys2_SVD_IPbus_ToBeDeleted/Genesys2_SVD/Genesys2_SVD.srcs/sources_1/imports/sources_1/new/math_unit.vhd:]
WARNING: [filemgmt 56-199] Attempt to get parsing info during refresh. "On-the-fly" syntax checking information may be incorrect. [/home/andrea/Documents/Genesys2_SVD_IPbus_ToBeDeleted/Genesys2_SVD/Genesys2_SVD.srcs/sources_1/imports/sources_1/new/calc_mult_factor.vhd:]
WARNING: [filemgmt 56-199] Attempt to get parsing info during refresh. "On-the-fly" syntax checking information may be incorrect. [/home/andrea/Documents/Genesys2_SVD_IPbus_ToBeDeleted/Genesys2_SVD/Genesys2_SVD.srcs/sources_1/imports/ipbus-firmware/boards/kc705/gmii/synth/firmware/hdl/top_kc705_gmii.vhd:]
WARNING: [filemgmt 56-199] Attempt to get parsing info during refresh. "On-the-fly" syntax checking information may be incorrect. [/home/andrea/Documents/Genesys2_SVD_IPbus_ToBeDeleted/Genesys2_SVD/Genesys2_SVD.srcs/sources_1/imports/ipbus-firmware/boards/kc705/gmii/synth/firmware/hdl/top_kc705_gmii.vhd:]
WARNING: [filemgmt 56-199] Attempt to get parsing info during refresh. "On-the-fly" syntax checking information may be incorrect. [/home/andrea/Documents/Genesys2_SVD_IPbus_ToBeDeleted/Genesys2_SVD/Genesys2_SVD.srcs/sim_1/new/tb_top_svd.vhd:]
WARNING: [filemgmt 56-199] Attempt to get parsing info during refresh. "On-the-fly" syntax checking information may be incorrect. [/home/andrea/Documents/Genesys2_SVD_IPbus_ToBeDeleted/Genesys2_SVD/Genesys2_SVD.srcs/sources_1/imports/sources_1/imports/Sources/top_svd.vhd:]
WARNING: [filemgmt 56-199] Attempt to get parsing info during refresh. "On-the-fly" syntax checking information may be incorrect. [/home/andrea/Documents/Genesys2_SVD_IPbus_ToBeDeleted/Genesys2_SVD/Genesys2_SVD.srcs/sources_1/imports/sources_1/new/mat_mult_v2.vhd:]
WARNING: [filemgmt 56-199] Attempt to get parsing info during refresh. "On-the-fly" syntax checking information may be incorrect. [/home/andrea/Documents/Genesys2_SVD_IPbus_ToBeDeleted/Genesys2_SVD/Genesys2_SVD.srcs/sources_1/imports/ipbus-firmware/boards/kc705/gmii/synth/firmware/hdl/top_kc705_gmii.vhd:]
WARNING: [filemgmt 56-199] Attempt to get parsing info during refresh. "On-the-fly" syntax checking information may be incorrect. [/home/andrea/Documents/Genesys2_SVD_IPbus_ToBeDeleted/Genesys2_SVD/Genesys2_SVD.srcs/sources_1/imports/ipbus-firmware/components/ipbus_util/firmware/hdl/payload_example.vhd:]
WARNING: [filemgmt 56-199] Attempt to get parsing info during refresh. "On-the-fly" syntax checking information may be incorrect. [/home/andrea/Documents/Genesys2_SVD_IPbus_ToBeDeleted/Genesys2_SVD/Genesys2_SVD.srcs/sources_1/imports/sources_1/new/math_unit.vhd:]
WARNING: [filemgmt 56-199] Attempt to get parsing info during refresh. "On-the-fly" syntax checking information may be incorrect. [/home/andrea/Documents/Genesys2_SVD_IPbus_ToBeDeleted/Genesys2_SVD/Genesys2_SVD.srcs/sources_1/imports/sources_1/new/calc_mult_factor.vhd:]
WARNING: [filemgmt 56-199] Attempt to get parsing info during refresh. "On-the-fly" syntax checking information may be incorrect. [/home/andrea/Documents/Genesys2_SVD_IPbus_ToBeDeleted/Genesys2_SVD/Genesys2_SVD.srcs/sources_1/imports/sources_1/new/calc_mult_factor.vhd:]
WARNING: [filemgmt 56-199] Attempt to get parsing info during refresh. "On-the-fly" syntax checking information may be incorrect. [/home/andrea/Documents/Genesys2_SVD_IPbus_ToBeDeleted/Genesys2_SVD/Genesys2_SVD.srcs/sources_1/imports/sources_1/new/calc_mult_factor.vhd:]
WARNING: [filemgmt 56-199] Attempt to get parsing info during refresh. "On-the-fly" syntax checking information may be incorrect. [/home/andrea/Documents/Genesys2_SVD_IPbus_ToBeDeleted/Genesys2_SVD/Genesys2_SVD.srcs/sim_1/new/tb_top_svd.vhd:]
WARNING: [filemgmt 56-199] Attempt to get parsing info during refresh. "On-the-fly" syntax checking information may be incorrect. [/home/andrea/Documents/Genesys2_SVD_IPbus_ToBeDeleted/Genesys2_SVD/Genesys2_SVD.srcs/sources_1/imports/sources_1/imports/Sources/top_svd.vhd:]
WARNING: [filemgmt 56-199] Attempt to get parsing info during refresh. "On-the-fly" syntax checking information may be incorrect. [/home/andrea/Documents/Genesys2_SVD_IPbus_ToBeDeleted/Genesys2_SVD/Genesys2_SVD.srcs/sources_1/imports/sources_1/new/mat_mult_v2.vhd:]
WARNING: [filemgmt 56-199] Attempt to get parsing info during refresh. "On-the-fly" syntax checking information may be incorrect. [/home/andrea/Documents/Genesys2_SVD_IPbus_ToBeDeleted/Genesys2_SVD/Genesys2_SVD.srcs/sources_1/imports/ipbus-firmware/boards/kc705/gmii/synth/firmware/hdl/top_kc705_gmii.vhd:]
WARNING: [filemgmt 56-199] Attempt to get parsing info during refresh. "On-the-fly" syntax checking information may be incorrect. [/home/andrea/Documents/Genesys2_SVD_IPbus_ToBeDeleted/Genesys2_SVD/Genesys2_SVD.srcs/sources_1/imports/ipbus-firmware/components/ipbus_util/firmware/hdl/payload_example.vhd:]
WARNING: [filemgmt 56-199] Attempt to get parsing info during refresh. "On-the-fly" syntax checking information may be incorrect. [/home/andrea/Documents/Genesys2_SVD_IPbus_ToBeDeleted/Genesys2_SVD/Genesys2_SVD.srcs/sources_1/imports/sources_1/new/math_unit.vhd:]
WARNING: [filemgmt 56-199] Attempt to get parsing info during refresh. "On-the-fly" syntax checking information may be incorrect. [/home/andrea/Documents/Genesys2_SVD_IPbus_ToBeDeleted/Genesys2_SVD/Genesys2_SVD.srcs/sources_1/imports/sources_1/new/calc_mult_factor.vhd:]
WARNING: [filemgmt 56-199] Attempt to get parsing info during refresh. "On-the-fly" syntax checking information may be incorrect. [/home/andrea/Documents/Genesys2_SVD_IPbus_ToBeDeleted/Genesys2_SVD/Genesys2_SVD.srcs/sources_1/imports/sources_1/imports/Sources/top_svd.vhd:]
WARNING: [filemgmt 56-199] Attempt to get parsing info during refresh. "On-the-fly" syntax checking information may be incorrect. [/home/andrea/Documents/Genesys2_SVD_IPbus_ToBeDeleted/Genesys2_SVD/Genesys2_SVD.srcs/sources_1/imports/sources_1/imports/Sources/top_svd.vhd:]
WARNING: [filemgmt 56-199] Attempt to get parsing info during refresh. "On-the-fly" syntax checking information may be incorrect. [/home/andrea/Documents/Genesys2_SVD_IPbus_ToBeDeleted/Genesys2_SVD/Genesys2_SVD.srcs/sim_1/new/tb_top_svd.vhd:]
WARNING: [filemgmt 56-199] Attempt to get parsing info during refresh. "On-the-fly" syntax checking information may be incorrect. [/home/andrea/Documents/Genesys2_SVD_IPbus_ToBeDeleted/Genesys2_SVD/Genesys2_SVD.srcs/sources_1/imports/sources_1/imports/Sources/top_svd.vhd:]
WARNING: [filemgmt 56-199] Attempt to get parsing info during refresh. "On-the-fly" syntax checking information may be incorrect. [/home/andrea/Documents/Genesys2_SVD_IPbus_ToBeDeleted/Genesys2_SVD/Genesys2_SVD.srcs/sources_1/imports/sources_1/new/mat_mult_v2.vhd:]
WARNING: [filemgmt 56-199] Attempt to get parsing info during refresh. "On-the-fly" syntax checking information may be incorrect. [/home/andrea/Documents/Genesys2_SVD_IPbus_ToBeDeleted/Genesys2_SVD/Genesys2_SVD.srcs/sources_1/imports/ipbus-firmware/boards/kc705/gmii/synth/firmware/hdl/top_kc705_gmii.vhd:]
WARNING: [filemgmt 56-199] Attempt to get parsing info during refresh. "On-the-fly" syntax checking information may be incorrect. [/home/andrea/Documents/Genesys2_SVD_IPbus_ToBeDeleted/Genesys2_SVD/Genesys2_SVD.srcs/sources_1/imports/ipbus-firmware/components/ipbus_util/firmware/hdl/payload_example.vhd:]
WARNING: [filemgmt 56-199] Attempt to get parsing info during refresh. "On-the-fly" syntax checking information may be incorrect. [/home/andrea/Documents/Genesys2_SVD_IPbus_ToBeDeleted/Genesys2_SVD/Genesys2_SVD.srcs/sources_1/imports/sources_1/new/math_unit.vhd:]
WARNING: [filemgmt 56-199] Attempt to get parsing info during refresh. "On-the-fly" syntax checking information may be incorrect. [/home/andrea/Documents/Genesys2_SVD_IPbus_ToBeDeleted/Genesys2_SVD/Genesys2_SVD.srcs/sources_1/imports/sources_1/new/calc_mult_factor.vhd:]
WARNING: [filemgmt 56-199] Attempt to get parsing info during refresh. "On-the-fly" syntax checking information may be incorrect. [/home/andrea/Documents/Genesys2_SVD_IPbus_ToBeDeleted/Genesys2_SVD/Genesys2_SVD.srcs/sources_1/imports/sources_1/new/math_unit.vhd:]
WARNING: [filemgmt 56-199] Attempt to get parsing info during refresh. "On-the-fly" syntax checking information may be incorrect. [/home/andrea/Documents/Genesys2_SVD_IPbus_ToBeDeleted/Genesys2_SVD/Genesys2_SVD.srcs/sources_1/imports/sources_1/new/math_unit.vhd:]
WARNING: [filemgmt 56-199] Attempt to get parsing info during refresh. "On-the-fly" syntax checking information may be incorrect. [/home/andrea/Documents/Genesys2_SVD_IPbus_ToBeDeleted/Genesys2_SVD/Genesys2_SVD.srcs/sim_1/new/tb_top_svd.vhd:]
WARNING: [filemgmt 56-199] Attempt to get parsing info during refresh. "On-the-fly" syntax checking information may be incorrect. [/home/andrea/Documents/Genesys2_SVD_IPbus_ToBeDeleted/Genesys2_SVD/Genesys2_SVD.srcs/sources_1/imports/sources_1/imports/Sources/top_svd.vhd:]
WARNING: [filemgmt 56-199] Attempt to get parsing info during refresh. "On-the-fly" syntax checking information may be incorrect. [/home/andrea/Documents/Genesys2_SVD_IPbus_ToBeDeleted/Genesys2_SVD/Genesys2_SVD.srcs/sources_1/imports/sources_1/new/mat_mult_v2.vhd:]
WARNING: [filemgmt 56-199] Attempt to get parsing info during refresh. "On-the-fly" syntax checking information may be incorrect. [/home/andrea/Documents/Genesys2_SVD_IPbus_ToBeDeleted/Genesys2_SVD/Genesys2_SVD.srcs/sources_1/imports/ipbus-firmware/boards/kc705/gmii/synth/firmware/hdl/top_kc705_gmii.vhd:]
WARNING: [filemgmt 56-199] Attempt to get parsing info during refresh. "On-the-fly" syntax checking information may be incorrect. [/home/andrea/Documents/Genesys2_SVD_IPbus_ToBeDeleted/Genesys2_SVD/Genesys2_SVD.srcs/sources_1/imports/ipbus-firmware/components/ipbus_util/firmware/hdl/payload_example.vhd:]
WARNING: [filemgmt 56-199] Attempt to get parsing info during refresh. "On-the-fly" syntax checking information may be incorrect. [/home/andrea/Documents/Genesys2_SVD_IPbus_ToBeDeleted/Genesys2_SVD/Genesys2_SVD.srcs/sources_1/imports/sources_1/new/math_unit.vhd:]
WARNING: [filemgmt 56-199] Attempt to get parsing info during refresh. "On-the-fly" syntax checking information may be incorrect. [/home/andrea/Documents/Genesys2_SVD_IPbus_ToBeDeleted/Genesys2_SVD/Genesys2_SVD.srcs/sources_1/imports/sources_1/new/calc_mult_factor.vhd:]
WARNING: [filemgmt 56-199] Attempt to get parsing info during refresh. "On-the-fly" syntax checking information may be incorrect. [/home/andrea/Documents/Genesys2_SVD_IPbus_ToBeDeleted/Genesys2_SVD/Genesys2_SVD.srcs/sources_1/imports/sources_1/new/mat_mult_v2.vhd:]
WARNING: [filemgmt 56-199] Attempt to get parsing info during refresh. "On-the-fly" syntax checking information may be incorrect. [/home/andrea/Documents/Genesys2_SVD_IPbus_ToBeDeleted/Genesys2_SVD/Genesys2_SVD.srcs/sources_1/imports/sources_1/new/mat_mult_v2.vhd:]
WARNING: [filemgmt 56-199] Attempt to get parsing info during refresh. "On-the-fly" syntax checking information may be incorrect. [/home/andrea/Documents/Genesys2_SVD_IPbus_ToBeDeleted/Genesys2_SVD/Genesys2_SVD.srcs/sim_1/new/tb_top_svd.vhd:]
WARNING: [filemgmt 56-199] Attempt to get parsing info during refresh. "On-the-fly" syntax checking information may be incorrect. [/home/andrea/Documents/Genesys2_SVD_IPbus_ToBeDeleted/Genesys2_SVD/Genesys2_SVD.srcs/sources_1/imports/sources_1/imports/Sources/top_svd.vhd:]
WARNING: [filemgmt 56-199] Attempt to get parsing info during refresh. "On-the-fly" syntax checking information may be incorrect. [/home/andrea/Documents/Genesys2_SVD_IPbus_ToBeDeleted/Genesys2_SVD/Genesys2_SVD.srcs/sources_1/imports/sources_1/new/mat_mult_v2.vhd:]
WARNING: [filemgmt 56-199] Attempt to get parsing info during refresh. "On-the-fly" syntax checking information may be incorrect. [/home/andrea/Documents/Genesys2_SVD_IPbus_ToBeDeleted/Genesys2_SVD/Genesys2_SVD.srcs/sources_1/imports/ipbus-firmware/boards/kc705/gmii/synth/firmware/hdl/top_kc705_gmii.vhd:]
WARNING: [filemgmt 56-199] Attempt to get parsing info during refresh. "On-the-fly" syntax checking information may be incorrect. [/home/andrea/Documents/Genesys2_SVD_IPbus_ToBeDeleted/Genesys2_SVD/Genesys2_SVD.srcs/sources_1/imports/ipbus-firmware/components/ipbus_util/firmware/hdl/payload_example.vhd:]
WARNING: [filemgmt 56-199] Attempt to get parsing info during refresh. "On-the-fly" syntax checking information may be incorrect. [/home/andrea/Documents/Genesys2_SVD_IPbus_ToBeDeleted/Genesys2_SVD/Genesys2_SVD.srcs/sources_1/imports/sources_1/new/math_unit.vhd:]
WARNING: [filemgmt 56-199] Attempt to get parsing info during refresh. "On-the-fly" syntax checking information may be incorrect. [/home/andrea/Documents/Genesys2_SVD_IPbus_ToBeDeleted/Genesys2_SVD/Genesys2_SVD.srcs/sources_1/imports/sources_1/new/calc_mult_factor.vhd:]
WARNING: [filemgmt 56-199] Attempt to get parsing info during refresh. "On-the-fly" syntax checking information may be incorrect. [/home/andrea/Documents/Genesys2_SVD_IPbus_ToBeDeleted/Genesys2_SVD/Genesys2_SVD.srcs/sources_1/imports/ipbus-firmware/components/ipbus_util/firmware/hdl/payload_example.vhd:]
WARNING: [filemgmt 56-199] Attempt to get parsing info during refresh. "On-the-fly" syntax checking information may be incorrect. [/home/andrea/Documents/Genesys2_SVD_IPbus_ToBeDeleted/Genesys2_SVD/Genesys2_SVD.srcs/sources_1/imports/ipbus-firmware/components/ipbus_util/firmware/hdl/payload_example.vhd:]
WARNING: [filemgmt 56-199] Attempt to get parsing info during refresh. "On-the-fly" syntax checking information may be incorrect. [/home/andrea/Documents/Genesys2_SVD_IPbus_ToBeDeleted/Genesys2_SVD/Genesys2_SVD.srcs/sim_1/new/tb_top_svd.vhd:]
WARNING: [filemgmt 56-199] Attempt to get parsing info during refresh. "On-the-fly" syntax checking information may be incorrect. [/home/andrea/Documents/Genesys2_SVD_IPbus_ToBeDeleted/Genesys2_SVD/Genesys2_SVD.srcs/sources_1/imports/sources_1/imports/Sources/top_svd.vhd:]
WARNING: [filemgmt 56-199] Attempt to get parsing info during refresh. "On-the-fly" syntax checking information may be incorrect. [/home/andrea/Documents/Genesys2_SVD_IPbus_ToBeDeleted/Genesys2_SVD/Genesys2_SVD.srcs/sources_1/imports/sources_1/new/mat_mult_v2.vhd:]
WARNING: [filemgmt 56-199] Attempt to get parsing info during refresh. "On-the-fly" syntax checking information may be incorrect. [/home/andrea/Documents/Genesys2_SVD_IPbus_ToBeDeleted/Genesys2_SVD/Genesys2_SVD.srcs/sources_1/imports/ipbus-firmware/boards/kc705/gmii/synth/firmware/hdl/top_kc705_gmii.vhd:]
WARNING: [filemgmt 56-199] Attempt to get parsing info during refresh. "On-the-fly" syntax checking information may be incorrect. [/home/andrea/Documents/Genesys2_SVD_IPbus_ToBeDeleted/Genesys2_SVD/Genesys2_SVD.srcs/sources_1/imports/ipbus-firmware/components/ipbus_util/firmware/hdl/payload_example.vhd:]
WARNING: [filemgmt 56-199] Attempt to get parsing info during refresh. "On-the-fly" syntax checking information may be incorrect. [/home/andrea/Documents/Genesys2_SVD_IPbus_ToBeDeleted/Genesys2_SVD/Genesys2_SVD.srcs/sources_1/imports/sources_1/new/math_unit.vhd:]
WARNING: [filemgmt 56-199] Attempt to get parsing info during refresh. "On-the-fly" syntax checking information may be incorrect. [/home/andrea/Documents/Genesys2_SVD_IPbus_ToBeDeleted/Genesys2_SVD/Genesys2_SVD.srcs/sources_1/imports/sources_1/new/calc_mult_factor.vhd:]
WARNING: [filemgmt 56-199] Attempt to get parsing info during refresh. "On-the-fly" syntax checking information may be incorrect. [/home/andrea/Documents/Genesys2_SVD_IPbus_ToBeDeleted/Genesys2_SVD/Genesys2_SVD.srcs/sources_1/imports/ipbus-firmware/components/ipbus_util/firmware/hdl/payload_example.vhd:]
WARNING: [filemgmt 56-199] Attempt to get parsing info during refresh. "On-the-fly" syntax checking information may be incorrect. [/home/andrea/Documents/Genesys2_SVD_IPbus_ToBeDeleted/Genesys2_SVD/Genesys2_SVD.srcs/sources_1/imports/ipbus-firmware/components/ipbus_util/firmware/hdl/payload_example.vhd:]
WARNING: [filemgmt 56-199] Attempt to get parsing info during refresh. "On-the-fly" syntax checking information may be incorrect. [/home/andrea/Documents/Genesys2_SVD_IPbus_ToBeDeleted/Genesys2_SVD/Genesys2_SVD.srcs/sim_1/new/tb_top_svd.vhd:]
WARNING: [filemgmt 56-199] Attempt to get parsing info during refresh. "On-the-fly" syntax checking information may be incorrect. [/home/andrea/Documents/Genesys2_SVD_IPbus_ToBeDeleted/Genesys2_SVD/Genesys2_SVD.srcs/sources_1/imports/sources_1/imports/Sources/top_svd.vhd:]
WARNING: [filemgmt 56-199] Attempt to get parsing info during refresh. "On-the-fly" syntax checking information may be incorrect. [/home/andrea/Documents/Genesys2_SVD_IPbus_ToBeDeleted/Genesys2_SVD/Genesys2_SVD.srcs/sources_1/imports/sources_1/new/mat_mult_v2.vhd:]
WARNING: [filemgmt 56-199] Attempt to get parsing info during refresh. "On-the-fly" syntax checking information may be incorrect. [/home/andrea/Documents/Genesys2_SVD_IPbus_ToBeDeleted/Genesys2_SVD/Genesys2_SVD.srcs/sources_1/imports/ipbus-firmware/boards/kc705/gmii/synth/firmware/hdl/top_kc705_gmii.vhd:]
WARNING: [filemgmt 56-199] Attempt to get parsing info during refresh. "On-the-fly" syntax checking information may be incorrect. [/home/andrea/Documents/Genesys2_SVD_IPbus_ToBeDeleted/Genesys2_SVD/Genesys2_SVD.srcs/sources_1/imports/ipbus-firmware/components/ipbus_util/firmware/hdl/payload_example.vhd:]
WARNING: [filemgmt 56-199] Attempt to get parsing info during refresh. "On-the-fly" syntax checking information may be incorrect. [/home/andrea/Documents/Genesys2_SVD_IPbus_ToBeDeleted/Genesys2_SVD/Genesys2_SVD.srcs/sources_1/imports/sources_1/new/math_unit.vhd:]
WARNING: [filemgmt 56-199] Attempt to get parsing info during refresh. "On-the-fly" syntax checking information may be incorrect. [/home/andrea/Documents/Genesys2_SVD_IPbus_ToBeDeleted/Genesys2_SVD/Genesys2_SVD.srcs/sources_1/imports/sources_1/new/calc_mult_factor.vhd:]
WARNING: [filemgmt 56-199] Attempt to get parsing info during refresh. "On-the-fly" syntax checking information may be incorrect. [/home/andrea/Documents/Genesys2_SVD_IPbus_ToBeDeleted/Genesys2_SVD/Genesys2_SVD.srcs/sources_1/imports/sources_1/new/calc_mult_factor.vhd:]
WARNING: [filemgmt 56-199] Attempt to get parsing info during refresh. "On-the-fly" syntax checking information may be incorrect. [/home/andrea/Documents/Genesys2_SVD_IPbus_ToBeDeleted/Genesys2_SVD/Genesys2_SVD.srcs/sources_1/imports/sources_1/new/calc_mult_factor.vhd:]
WARNING: [filemgmt 56-199] Attempt to get parsing info during refresh. "On-the-fly" syntax checking information may be incorrect. [/home/andrea/Documents/Genesys2_SVD_IPbus_ToBeDeleted/Genesys2_SVD/Genesys2_SVD.srcs/sim_1/new/tb_top_svd.vhd:]
WARNING: [filemgmt 56-199] Attempt to get parsing info during refresh. "On-the-fly" syntax checking information may be incorrect. [/home/andrea/Documents/Genesys2_SVD_IPbus_ToBeDeleted/Genesys2_SVD/Genesys2_SVD.srcs/sources_1/imports/sources_1/imports/Sources/top_svd.vhd:]
WARNING: [filemgmt 56-199] Attempt to get parsing info during refresh. "On-the-fly" syntax checking information may be incorrect. [/home/andrea/Documents/Genesys2_SVD_IPbus_ToBeDeleted/Genesys2_SVD/Genesys2_SVD.srcs/sources_1/imports/sources_1/new/mat_mult_v2.vhd:]
WARNING: [filemgmt 56-199] Attempt to get parsing info during refresh. "On-the-fly" syntax checking information may be incorrect. [/home/andrea/Documents/Genesys2_SVD_IPbus_ToBeDeleted/Genesys2_SVD/Genesys2_SVD.srcs/sources_1/imports/ipbus-firmware/boards/kc705/gmii/synth/firmware/hdl/top_kc705_gmii.vhd:]
WARNING: [filemgmt 56-199] Attempt to get parsing info during refresh. "On-the-fly" syntax checking information may be incorrect. [/home/andrea/Documents/Genesys2_SVD_IPbus_ToBeDeleted/Genesys2_SVD/Genesys2_SVD.srcs/sources_1/imports/ipbus-firmware/components/ipbus_util/firmware/hdl/payload_example.vhd:]
WARNING: [filemgmt 56-199] Attempt to get parsing info during refresh. "On-the-fly" syntax checking information may be incorrect. [/home/andrea/Documents/Genesys2_SVD_IPbus_ToBeDeleted/Genesys2_SVD/Genesys2_SVD.srcs/sources_1/imports/sources_1/new/math_unit.vhd:]
WARNING: [filemgmt 56-199] Attempt to get parsing info during refresh. "On-the-fly" syntax checking information may be incorrect. [/home/andrea/Documents/Genesys2_SVD_IPbus_ToBeDeleted/Genesys2_SVD/Genesys2_SVD.srcs/sources_1/imports/sources_1/new/calc_mult_factor.vhd:]
WARNING: [filemgmt 56-199] Attempt to get parsing info during refresh. "On-the-fly" syntax checking information may be incorrect. [/home/andrea/Documents/Genesys2_SVD_IPbus_ToBeDeleted/Genesys2_SVD/Genesys2_SVD.srcs/sources_1/imports/sources_1/new/math_unit.vhd:]
WARNING: [filemgmt 56-199] Attempt to get parsing info during refresh. "On-the-fly" syntax checking information may be incorrect. [/home/andrea/Documents/Genesys2_SVD_IPbus_ToBeDeleted/Genesys2_SVD/Genesys2_SVD.srcs/sources_1/imports/sources_1/new/math_unit.vhd:]
WARNING: [filemgmt 56-199] Attempt to get parsing info during refresh. "On-the-fly" syntax checking information may be incorrect. [/home/andrea/Documents/Genesys2_SVD_IPbus_ToBeDeleted/Genesys2_SVD/Genesys2_SVD.srcs/sim_1/new/tb_top_svd.vhd:]
WARNING: [filemgmt 56-199] Attempt to get parsing info during refresh. "On-the-fly" syntax checking information may be incorrect. [/home/andrea/Documents/Genesys2_SVD_IPbus_ToBeDeleted/Genesys2_SVD/Genesys2_SVD.srcs/sources_1/imports/sources_1/imports/Sources/top_svd.vhd:]
WARNING: [filemgmt 56-199] Attempt to get parsing info during refresh. "On-the-fly" syntax checking information may be incorrect. [/home/andrea/Documents/Genesys2_SVD_IPbus_ToBeDeleted/Genesys2_SVD/Genesys2_SVD.srcs/sources_1/imports/sources_1/new/mat_mult_v2.vhd:]
WARNING: [filemgmt 56-199] Attempt to get parsing info during refresh. "On-the-fly" syntax checking information may be incorrect. [/home/andrea/Documents/Genesys2_SVD_IPbus_ToBeDeleted/Genesys2_SVD/Genesys2_SVD.srcs/sources_1/imports/ipbus-firmware/boards/kc705/gmii/synth/firmware/hdl/top_kc705_gmii.vhd:]
WARNING: [filemgmt 56-199] Attempt to get parsing info during refresh. "On-the-fly" syntax checking information may be incorrect. [/home/andrea/Documents/Genesys2_SVD_IPbus_ToBeDeleted/Genesys2_SVD/Genesys2_SVD.srcs/sources_1/imports/ipbus-firmware/components/ipbus_util/firmware/hdl/payload_example.vhd:]
WARNING: [filemgmt 56-199] Attempt to get parsing info during refresh. "On-the-fly" syntax checking information may be incorrect. [/home/andrea/Documents/Genesys2_SVD_IPbus_ToBeDeleted/Genesys2_SVD/Genesys2_SVD.srcs/sources_1/imports/sources_1/new/math_unit.vhd:]
WARNING: [filemgmt 56-199] Attempt to get parsing info during refresh. "On-the-fly" syntax checking information may be incorrect. [/home/andrea/Documents/Genesys2_SVD_IPbus_ToBeDeleted/Genesys2_SVD/Genesys2_SVD.srcs/sources_1/imports/sources_1/new/calc_mult_factor.vhd:]
WARNING: [filemgmt 56-199] Attempt to get parsing info during refresh. "On-the-fly" syntax checking information may be incorrect. [/home/andrea/Documents/Genesys2_SVD_IPbus_ToBeDeleted/Genesys2_SVD/Genesys2_SVD.srcs/sources_1/imports/sources_1/imports/Sources/top_svd.vhd:]
WARNING: [filemgmt 56-199] Attempt to get parsing info during refresh. "On-the-fly" syntax checking information may be incorrect. [/home/andrea/Documents/Genesys2_SVD_IPbus_ToBeDeleted/Genesys2_SVD/Genesys2_SVD.srcs/sources_1/imports/sources_1/imports/Sources/top_svd.vhd:]
WARNING: [filemgmt 56-199] Attempt to get parsing info during refresh. "On-the-fly" syntax checking information may be incorrect. [/home/andrea/Documents/Genesys2_SVD_IPbus_ToBeDeleted/Genesys2_SVD/Genesys2_SVD.srcs/sim_1/new/tb_top_svd.vhd:]
WARNING: [filemgmt 56-199] Attempt to get parsing info during refresh. "On-the-fly" syntax checking information may be incorrect. [/home/andrea/Documents/Genesys2_SVD_IPbus_ToBeDeleted/Genesys2_SVD/Genesys2_SVD.srcs/sources_1/imports/sources_1/imports/Sources/top_svd.vhd:]
WARNING: [filemgmt 56-199] Attempt to get parsing info during refresh. "On-the-fly" syntax checking information may be incorrect. [/home/andrea/Documents/Genesys2_SVD_IPbus_ToBeDeleted/Genesys2_SVD/Genesys2_SVD.srcs/sources_1/imports/sources_1/new/mat_mult_v2.vhd:]
WARNING: [filemgmt 56-199] Attempt to get parsing info during refresh. "On-the-fly" syntax checking information may be incorrect. [/home/andrea/Documents/Genesys2_SVD_IPbus_ToBeDeleted/Genesys2_SVD/Genesys2_SVD.srcs/sources_1/imports/ipbus-firmware/boards/kc705/gmii/synth/firmware/hdl/top_kc705_gmii.vhd:]
WARNING: [filemgmt 56-199] Attempt to get parsing info during refresh. "On-the-fly" syntax checking information may be incorrect. [/home/andrea/Documents/Genesys2_SVD_IPbus_ToBeDeleted/Genesys2_SVD/Genesys2_SVD.srcs/sources_1/imports/ipbus-firmware/components/ipbus_util/firmware/hdl/payload_example.vhd:]
WARNING: [filemgmt 56-199] Attempt to get parsing info during refresh. "On-the-fly" syntax checking information may be incorrect. [/home/andrea/Documents/Genesys2_SVD_IPbus_ToBeDeleted/Genesys2_SVD/Genesys2_SVD.srcs/sources_1/imports/sources_1/new/math_unit.vhd:]
WARNING: [filemgmt 56-199] Attempt to get parsing info during refresh. "On-the-fly" syntax checking information may be incorrect. [/home/andrea/Documents/Genesys2_SVD_IPbus_ToBeDeleted/Genesys2_SVD/Genesys2_SVD.srcs/sources_1/imports/sources_1/new/calc_mult_factor.vhd:]
WARNING: [filemgmt 56-199] Attempt to get parsing info during refresh. "On-the-fly" syntax checking information may be incorrect. [/home/andrea/Documents/Genesys2_SVD_IPbus_ToBeDeleted/Genesys2_SVD/Genesys2_SVD.srcs/sim_1/new/tb_top_svd.vhd:]
WARNING: [filemgmt 56-199] Attempt to get parsing info during refresh. "On-the-fly" syntax checking information may be incorrect. [/home/andrea/Documents/Genesys2_SVD_IPbus_ToBeDeleted/Genesys2_SVD/Genesys2_SVD.srcs/sim_1/new/tb_top_svd.vhd:]
WARNING: [filemgmt 56-199] Attempt to get parsing info during refresh. "On-the-fly" syntax checking information may be incorrect. [/home/andrea/Documents/Genesys2_SVD_IPbus_ToBeDeleted/Genesys2_SVD/Genesys2_SVD.srcs/sim_1/new/tb_top_svd.vhd:]
WARNING: [filemgmt 56-199] Attempt to get parsing info during refresh. "On-the-fly" syntax checking information may be incorrect. [/home/andrea/Documents/Genesys2_SVD_IPbus_ToBeDeleted/Genesys2_SVD/Genesys2_SVD.srcs/sources_1/imports/sources_1/imports/Sources/top_svd.vhd:]
WARNING: [filemgmt 56-199] Attempt to get parsing info during refresh. "On-the-fly" syntax checking information may be incorrect. [/home/andrea/Documents/Genesys2_SVD_IPbus_ToBeDeleted/Genesys2_SVD/Genesys2_SVD.srcs/sources_1/imports/sources_1/new/mat_mult_v2.vhd:]
WARNING: [filemgmt 56-199] Attempt to get parsing info during refresh. "On-the-fly" syntax checking information may be incorrect. [/home/andrea/Documents/Genesys2_SVD_IPbus_ToBeDeleted/Genesys2_SVD/Genesys2_SVD.srcs/sources_1/imports/ipbus-firmware/boards/kc705/gmii/synth/firmware/hdl/top_kc705_gmii.vhd:]
WARNING: [filemgmt 56-199] Attempt to get parsing info during refresh. "On-the-fly" syntax checking information may be incorrect. [/home/andrea/Documents/Genesys2_SVD_IPbus_ToBeDeleted/Genesys2_SVD/Genesys2_SVD.srcs/sources_1/imports/ipbus-firmware/components/ipbus_util/firmware/hdl/payload_example.vhd:]
WARNING: [filemgmt 56-199] Attempt to get parsing info during refresh. "On-the-fly" syntax checking information may be incorrect. [/home/andrea/Documents/Genesys2_SVD_IPbus_ToBeDeleted/Genesys2_SVD/Genesys2_SVD.srcs/sources_1/imports/sources_1/new/math_unit.vhd:]
WARNING: [filemgmt 56-199] Attempt to get parsing info during refresh. "On-the-fly" syntax checking information may be incorrect. [/home/andrea/Documents/Genesys2_SVD_IPbus_ToBeDeleted/Genesys2_SVD/Genesys2_SVD.srcs/sources_1/imports/sources_1/new/calc_mult_factor.vhd:]
WARNING: [filemgmt 56-199] Attempt to get parsing info during refresh. "On-the-fly" syntax checking information may be incorrect. [/home/andrea/Documents/Genesys2_SVD_IPbus_ToBeDeleted/Genesys2_SVD/Genesys2_SVD.srcs/sources_1/imports/ipbus-firmware/boards/kc705/gmii/synth/firmware/hdl/top_kc705_gmii.vhd:]
WARNING: [filemgmt 56-199] Attempt to get parsing info during refresh. "On-the-fly" syntax checking information may be incorrect. [/home/andrea/Documents/Genesys2_SVD_IPbus_ToBeDeleted/Genesys2_SVD/Genesys2_SVD.srcs/sources_1/imports/ipbus-firmware/boards/kc705/gmii/synth/firmware/hdl/top_kc705_gmii.vhd:]
WARNING: [filemgmt 56-199] Attempt to get parsing info during refresh. "On-the-fly" syntax checking information may be incorrect. [/home/andrea/Documents/Genesys2_SVD_IPbus_ToBeDeleted/Genesys2_SVD/Genesys2_SVD.srcs/sim_1/new/tb_top_svd.vhd:]
WARNING: [filemgmt 56-199] Attempt to get parsing info during refresh. "On-the-fly" syntax checking information may be incorrect. [/home/andrea/Documents/Genesys2_SVD_IPbus_ToBeDeleted/Genesys2_SVD/Genesys2_SVD.srcs/sources_1/imports/sources_1/imports/Sources/top_svd.vhd:]
WARNING: [filemgmt 56-199] Attempt to get parsing info during refresh. "On-the-fly" syntax checking information may be incorrect. [/home/andrea/Documents/Genesys2_SVD_IPbus_ToBeDeleted/Genesys2_SVD/Genesys2_SVD.srcs/sources_1/imports/sources_1/new/mat_mult_v2.vhd:]
WARNING: [filemgmt 56-199] Attempt to get parsing info during refresh. "On-the-fly" syntax checking information may be incorrect. [/home/andrea/Documents/Genesys2_SVD_IPbus_ToBeDeleted/Genesys2_SVD/Genesys2_SVD.srcs/sources_1/imports/ipbus-firmware/boards/kc705/gmii/synth/firmware/hdl/top_kc705_gmii.vhd:]
WARNING: [filemgmt 56-199] Attempt to get parsing info during refresh. "On-the-fly" syntax checking information may be incorrect. [/home/andrea/Documents/Genesys2_SVD_IPbus_ToBeDeleted/Genesys2_SVD/Genesys2_SVD.srcs/sources_1/imports/ipbus-firmware/components/ipbus_util/firmware/hdl/payload_example.vhd:]
WARNING: [filemgmt 56-199] Attempt to get parsing info during refresh. "On-the-fly" syntax checking information may be incorrect. [/home/andrea/Documents/Genesys2_SVD_IPbus_ToBeDeleted/Genesys2_SVD/Genesys2_SVD.srcs/sources_1/imports/sources_1/new/math_unit.vhd:]
WARNING: [filemgmt 56-199] Attempt to get parsing info during refresh. "On-the-fly" syntax checking information may be incorrect. [/home/andrea/Documents/Genesys2_SVD_IPbus_ToBeDeleted/Genesys2_SVD/Genesys2_SVD.srcs/sources_1/imports/sources_1/new/calc_mult_factor.vhd:]
WARNING: [filemgmt 56-199] Attempt to get parsing info during refresh. "On-the-fly" syntax checking information may be incorrect. [/home/andrea/Documents/Genesys2_SVD_IPbus_ToBeDeleted/Genesys2_SVD/Genesys2_SVD.srcs/sources_1/imports/ipbus-firmware/components/ipbus_util/firmware/hdl/payload_example.vhd:]
WARNING: [filemgmt 56-199] Attempt to get parsing info during refresh. "On-the-fly" syntax checking information may be incorrect. [/home/andrea/Documents/Genesys2_SVD_IPbus_ToBeDeleted/Genesys2_SVD/Genesys2_SVD.srcs/sources_1/imports/ipbus-firmware/components/ipbus_util/firmware/hdl/payload_example.vhd:]
WARNING: [filemgmt 56-199] Attempt to get parsing info during refresh. "On-the-fly" syntax checking information may be incorrect. [/home/andrea/Documents/Genesys2_SVD_IPbus_ToBeDeleted/Genesys2_SVD/Genesys2_SVD.srcs/sim_1/new/tb_top_svd.vhd:]
WARNING: [filemgmt 56-199] Attempt to get parsing info during refresh. "On-the-fly" syntax checking information may be incorrect. [/home/andrea/Documents/Genesys2_SVD_IPbus_ToBeDeleted/Genesys2_SVD/Genesys2_SVD.srcs/sources_1/imports/sources_1/imports/Sources/top_svd.vhd:]
WARNING: [filemgmt 56-199] Attempt to get parsing info during refresh. "On-the-fly" syntax checking information may be incorrect. [/home/andrea/Documents/Genesys2_SVD_IPbus_ToBeDeleted/Genesys2_SVD/Genesys2_SVD.srcs/sources_1/imports/sources_1/new/mat_mult_v2.vhd:]
WARNING: [filemgmt 56-199] Attempt to get parsing info during refresh. "On-the-fly" syntax checking information may be incorrect. [/home/andrea/Documents/Genesys2_SVD_IPbus_ToBeDeleted/Genesys2_SVD/Genesys2_SVD.srcs/sources_1/imports/ipbus-firmware/boards/kc705/gmii/synth/firmware/hdl/top_kc705_gmii.vhd:]
WARNING: [filemgmt 56-199] Attempt to get parsing info during refresh. "On-the-fly" syntax checking information may be incorrect. [/home/andrea/Documents/Genesys2_SVD_IPbus_ToBeDeleted/Genesys2_SVD/Genesys2_SVD.srcs/sources_1/imports/ipbus-firmware/components/ipbus_util/firmware/hdl/payload_example.vhd:]
WARNING: [filemgmt 56-199] Attempt to get parsing info during refresh. "On-the-fly" syntax checking information may be incorrect. [/home/andrea/Documents/Genesys2_SVD_IPbus_ToBeDeleted/Genesys2_SVD/Genesys2_SVD.srcs/sources_1/imports/sources_1/new/math_unit.vhd:]
WARNING: [filemgmt 56-199] Attempt to get parsing info during refresh. "On-the-fly" syntax checking information may be incorrect. [/home/andrea/Documents/Genesys2_SVD_IPbus_ToBeDeleted/Genesys2_SVD/Genesys2_SVD.srcs/sources_1/imports/sources_1/new/calc_mult_factor.vhd:]
WARNING: [filemgmt 56-199] Attempt to get parsing info during refresh. "On-the-fly" syntax checking information may be incorrect. [/home/andrea/Documents/Genesys2_SVD_IPbus_ToBeDeleted/Genesys2_SVD/Genesys2_SVD.srcs/sources_1/imports/sources_1/new/calc_mult_factor.vhd:]
WARNING: [filemgmt 56-199] Attempt to get parsing info during refresh. "On-the-fly" syntax checking information may be incorrect. [/home/andrea/Documents/Genesys2_SVD_IPbus_ToBeDeleted/Genesys2_SVD/Genesys2_SVD.srcs/sources_1/imports/sources_1/new/calc_mult_factor.vhd:]
WARNING: [filemgmt 56-199] Attempt to get parsing info during refresh. "On-the-fly" syntax checking information may be incorrect. [/home/andrea/Documents/Genesys2_SVD_IPbus_ToBeDeleted/Genesys2_SVD/Genesys2_SVD.srcs/sim_1/new/tb_top_svd.vhd:]
WARNING: [filemgmt 56-199] Attempt to get parsing info during refresh. "On-the-fly" syntax checking information may be incorrect. [/home/andrea/Documents/Genesys2_SVD_IPbus_ToBeDeleted/Genesys2_SVD/Genesys2_SVD.srcs/sources_1/imports/sources_1/imports/Sources/top_svd.vhd:]
WARNING: [filemgmt 56-199] Attempt to get parsing info during refresh. "On-the-fly" syntax checking information may be incorrect. [/home/andrea/Documents/Genesys2_SVD_IPbus_ToBeDeleted/Genesys2_SVD/Genesys2_SVD.srcs/sources_1/imports/sources_1/new/mat_mult_v2.vhd:]
WARNING: [filemgmt 56-199] Attempt to get parsing info during refresh. "On-the-fly" syntax checking information may be incorrect. [/home/andrea/Documents/Genesys2_SVD_IPbus_ToBeDeleted/Genesys2_SVD/Genesys2_SVD.srcs/sources_1/imports/ipbus-firmware/boards/kc705/gmii/synth/firmware/hdl/top_kc705_gmii.vhd:]
WARNING: [filemgmt 56-199] Attempt to get parsing info during refresh. "On-the-fly" syntax checking information may be incorrect. [/home/andrea/Documents/Genesys2_SVD_IPbus_ToBeDeleted/Genesys2_SVD/Genesys2_SVD.srcs/sources_1/imports/ipbus-firmware/components/ipbus_util/firmware/hdl/payload_example.vhd:]
WARNING: [filemgmt 56-199] Attempt to get parsing info during refresh. "On-the-fly" syntax checking information may be incorrect. [/home/andrea/Documents/Genesys2_SVD_IPbus_ToBeDeleted/Genesys2_SVD/Genesys2_SVD.srcs/sources_1/imports/sources_1/new/math_unit.vhd:]
WARNING: [filemgmt 56-199] Attempt to get parsing info during refresh. "On-the-fly" syntax checking information may be incorrect. [/home/andrea/Documents/Genesys2_SVD_IPbus_ToBeDeleted/Genesys2_SVD/Genesys2_SVD.srcs/sources_1/imports/sources_1/new/calc_mult_factor.vhd:]
WARNING: [filemgmt 56-199] Attempt to get parsing info during refresh. "On-the-fly" syntax checking information may be incorrect. [/home/andrea/Documents/Genesys2_SVD_IPbus_ToBeDeleted/Genesys2_SVD/Genesys2_SVD.srcs/sources_1/imports/sources_1/imports/Sources/top_svd.vhd:]
WARNING: [filemgmt 56-199] Attempt to get parsing info during refresh. "On-the-fly" syntax checking information may be incorrect. [/home/andrea/Documents/Genesys2_SVD_IPbus_ToBeDeleted/Genesys2_SVD/Genesys2_SVD.srcs/sources_1/imports/sources_1/imports/Sources/top_svd.vhd:]
WARNING: [filemgmt 56-199] Attempt to get parsing info during refresh. "On-the-fly" syntax checking information may be incorrect. [/home/andrea/Documents/Genesys2_SVD_IPbus_ToBeDeleted/Genesys2_SVD/Genesys2_SVD.srcs/sim_1/new/tb_top_svd.vhd:]
WARNING: [filemgmt 56-199] Attempt to get parsing info during refresh. "On-the-fly" syntax checking information may be incorrect. [/home/andrea/Documents/Genesys2_SVD_IPbus_ToBeDeleted/Genesys2_SVD/Genesys2_SVD.srcs/sources_1/imports/sources_1/imports/Sources/top_svd.vhd:]
WARNING: [filemgmt 56-199] Attempt to get parsing info during refresh. "On-the-fly" syntax checking information may be incorrect. [/home/andrea/Documents/Genesys2_SVD_IPbus_ToBeDeleted/Genesys2_SVD/Genesys2_SVD.srcs/sources_1/imports/sources_1/new/mat_mult_v2.vhd:]
WARNING: [filemgmt 56-199] Attempt to get parsing info during refresh. "On-the-fly" syntax checking information may be incorrect. [/home/andrea/Documents/Genesys2_SVD_IPbus_ToBeDeleted/Genesys2_SVD/Genesys2_SVD.srcs/sources_1/imports/ipbus-firmware/boards/kc705/gmii/synth/firmware/hdl/top_kc705_gmii.vhd:]
WARNING: [filemgmt 56-199] Attempt to get parsing info during refresh. "On-the-fly" syntax checking information may be incorrect. [/home/andrea/Documents/Genesys2_SVD_IPbus_ToBeDeleted/Genesys2_SVD/Genesys2_SVD.srcs/sources_1/imports/ipbus-firmware/components/ipbus_util/firmware/hdl/payload_example.vhd:]
WARNING: [filemgmt 56-199] Attempt to get parsing info during refresh. "On-the-fly" syntax checking information may be incorrect. [/home/andrea/Documents/Genesys2_SVD_IPbus_ToBeDeleted/Genesys2_SVD/Genesys2_SVD.srcs/sources_1/imports/sources_1/new/math_unit.vhd:]
WARNING: [filemgmt 56-199] Attempt to get parsing info during refresh. "On-the-fly" syntax checking information may be incorrect. [/home/andrea/Documents/Genesys2_SVD_IPbus_ToBeDeleted/Genesys2_SVD/Genesys2_SVD.srcs/sources_1/imports/sources_1/new/calc_mult_factor.vhd:]
WARNING: [filemgmt 56-199] Attempt to get parsing info during refresh. "On-the-fly" syntax checking information may be incorrect. [/home/andrea/Documents/Genesys2_SVD_IPbus_ToBeDeleted/Genesys2_SVD/Genesys2_SVD.srcs/sources_1/imports/sources_1/new/math_unit.vhd:]
WARNING: [filemgmt 56-199] Attempt to get parsing info during refresh. "On-the-fly" syntax checking information may be incorrect. [/home/andrea/Documents/Genesys2_SVD_IPbus_ToBeDeleted/Genesys2_SVD/Genesys2_SVD.srcs/sources_1/imports/sources_1/new/math_unit.vhd:]
WARNING: [filemgmt 56-199] Attempt to get parsing info during refresh. "On-the-fly" syntax checking information may be incorrect. [/home/andrea/Documents/Genesys2_SVD_IPbus_ToBeDeleted/Genesys2_SVD/Genesys2_SVD.srcs/sim_1/new/tb_top_svd.vhd:]
WARNING: [filemgmt 56-199] Attempt to get parsing info during refresh. "On-the-fly" syntax checking information may be incorrect. [/home/andrea/Documents/Genesys2_SVD_IPbus_ToBeDeleted/Genesys2_SVD/Genesys2_SVD.srcs/sources_1/imports/sources_1/imports/Sources/top_svd.vhd:]
WARNING: [filemgmt 56-199] Attempt to get parsing info during refresh. "On-the-fly" syntax checking information may be incorrect. [/home/andrea/Documents/Genesys2_SVD_IPbus_ToBeDeleted/Genesys2_SVD/Genesys2_SVD.srcs/sources_1/imports/sources_1/new/mat_mult_v2.vhd:]
WARNING: [filemgmt 56-199] Attempt to get parsing info during refresh. "On-the-fly" syntax checking information may be incorrect. [/home/andrea/Documents/Genesys2_SVD_IPbus_ToBeDeleted/Genesys2_SVD/Genesys2_SVD.srcs/sources_1/imports/ipbus-firmware/boards/kc705/gmii/synth/firmware/hdl/top_kc705_gmii.vhd:]
WARNING: [filemgmt 56-199] Attempt to get parsing info during refresh. "On-the-fly" syntax checking information may be incorrect. [/home/andrea/Documents/Genesys2_SVD_IPbus_ToBeDeleted/Genesys2_SVD/Genesys2_SVD.srcs/sources_1/imports/ipbus-firmware/components/ipbus_util/firmware/hdl/payload_example.vhd:]
WARNING: [filemgmt 56-199] Attempt to get parsing info during refresh. "On-the-fly" syntax checking information may be incorrect. [/home/andrea/Documents/Genesys2_SVD_IPbus_ToBeDeleted/Genesys2_SVD/Genesys2_SVD.srcs/sources_1/imports/sources_1/new/math_unit.vhd:]
WARNING: [filemgmt 56-199] Attempt to get parsing info during refresh. "On-the-fly" syntax checking information may be incorrect. [/home/andrea/Documents/Genesys2_SVD_IPbus_ToBeDeleted/Genesys2_SVD/Genesys2_SVD.srcs/sources_1/imports/sources_1/new/calc_mult_factor.vhd:]
WARNING: [filemgmt 56-199] Attempt to get parsing info during refresh. "On-the-fly" syntax checking information may be incorrect. [/home/andrea/Documents/Genesys2_SVD_IPbus_ToBeDeleted/Genesys2_SVD/Genesys2_SVD.srcs/sim_1/new/tb_top_svd.vhd:]
WARNING: [filemgmt 56-199] Attempt to get parsing info during refresh. "On-the-fly" syntax checking information may be incorrect. [/home/andrea/Documents/Genesys2_SVD_IPbus_ToBeDeleted/Genesys2_SVD/Genesys2_SVD.srcs/sim_1/new/tb_top_svd.vhd:]
WARNING: [filemgmt 56-199] Attempt to get parsing info during refresh. "On-the-fly" syntax checking information may be incorrect. [/home/andrea/Documents/Genesys2_SVD_IPbus_ToBeDeleted/Genesys2_SVD/Genesys2_SVD.srcs/sim_1/new/tb_top_svd.vhd:]
WARNING: [filemgmt 56-199] Attempt to get parsing info during refresh. "On-the-fly" syntax checking information may be incorrect. [/home/andrea/Documents/Genesys2_SVD_IPbus_ToBeDeleted/Genesys2_SVD/Genesys2_SVD.srcs/sources_1/imports/sources_1/imports/Sources/top_svd.vhd:]
WARNING: [filemgmt 56-199] Attempt to get parsing info during refresh. "On-the-fly" syntax checking information may be incorrect. [/home/andrea/Documents/Genesys2_SVD_IPbus_ToBeDeleted/Genesys2_SVD/Genesys2_SVD.srcs/sources_1/imports/sources_1/new/mat_mult_v2.vhd:]
WARNING: [filemgmt 56-199] Attempt to get parsing info during refresh. "On-the-fly" syntax checking information may be incorrect. [/home/andrea/Documents/Genesys2_SVD_IPbus_ToBeDeleted/Genesys2_SVD/Genesys2_SVD.srcs/sources_1/imports/ipbus-firmware/boards/kc705/gmii/synth/firmware/hdl/top_kc705_gmii.vhd:]
WARNING: [filemgmt 56-199] Attempt to get parsing info during refresh. "On-the-fly" syntax checking information may be incorrect. [/home/andrea/Documents/Genesys2_SVD_IPbus_ToBeDeleted/Genesys2_SVD/Genesys2_SVD.srcs/sources_1/imports/ipbus-firmware/components/ipbus_util/firmware/hdl/payload_example.vhd:]
WARNING: [filemgmt 56-199] Attempt to get parsing info during refresh. "On-the-fly" syntax checking information may be incorrect. [/home/andrea/Documents/Genesys2_SVD_IPbus_ToBeDeleted/Genesys2_SVD/Genesys2_SVD.srcs/sources_1/imports/sources_1/new/math_unit.vhd:]
WARNING: [filemgmt 56-199] Attempt to get parsing info during refresh. "On-the-fly" syntax checking information may be incorrect. [/home/andrea/Documents/Genesys2_SVD_IPbus_ToBeDeleted/Genesys2_SVD/Genesys2_SVD.srcs/sources_1/imports/sources_1/new/calc_mult_factor.vhd:]
WARNING: [filemgmt 56-199] Attempt to get parsing info during refresh. "On-the-fly" syntax checking information may be incorrect. [/home/andrea/Documents/Genesys2_SVD_IPbus_ToBeDeleted/Genesys2_SVD/Genesys2_SVD.srcs/sources_1/imports/ipbus-firmware/boards/kc705/gmii/synth/firmware/hdl/top_kc705_gmii.vhd:]
WARNING: [filemgmt 56-199] Attempt to get parsing info during refresh. "On-the-fly" syntax checking information may be incorrect. [/home/andrea/Documents/Genesys2_SVD_IPbus_ToBeDeleted/Genesys2_SVD/Genesys2_SVD.srcs/sources_1/imports/ipbus-firmware/boards/kc705/gmii/synth/firmware/hdl/top_kc705_gmii.vhd:]
WARNING: [filemgmt 56-199] Attempt to get parsing info during refresh. "On-the-fly" syntax checking information may be incorrect. [/home/andrea/Documents/Genesys2_SVD_IPbus_ToBeDeleted/Genesys2_SVD/Genesys2_SVD.srcs/sim_1/new/tb_top_svd.vhd:]
WARNING: [filemgmt 56-199] Attempt to get parsing info during refresh. "On-the-fly" syntax checking information may be incorrect. [/home/andrea/Documents/Genesys2_SVD_IPbus_ToBeDeleted/Genesys2_SVD/Genesys2_SVD.srcs/sources_1/imports/sources_1/imports/Sources/top_svd.vhd:]
WARNING: [filemgmt 56-199] Attempt to get parsing info during refresh. "On-the-fly" syntax checking information may be incorrect. [/home/andrea/Documents/Genesys2_SVD_IPbus_ToBeDeleted/Genesys2_SVD/Genesys2_SVD.srcs/sources_1/imports/sources_1/new/mat_mult_v2.vhd:]
WARNING: [filemgmt 56-199] Attempt to get parsing info during refresh. "On-the-fly" syntax checking information may be incorrect. [/home/andrea/Documents/Genesys2_SVD_IPbus_ToBeDeleted/Genesys2_SVD/Genesys2_SVD.srcs/sources_1/imports/ipbus-firmware/boards/kc705/gmii/synth/firmware/hdl/top_kc705_gmii.vhd:]
WARNING: [filemgmt 56-199] Attempt to get parsing info during refresh. "On-the-fly" syntax checking information may be incorrect. [/home/andrea/Documents/Genesys2_SVD_IPbus_ToBeDeleted/Genesys2_SVD/Genesys2_SVD.srcs/sources_1/imports/ipbus-firmware/components/ipbus_util/firmware/hdl/payload_example.vhd:]
WARNING: [filemgmt 56-199] Attempt to get parsing info during refresh. "On-the-fly" syntax checking information may be incorrect. [/home/andrea/Documents/Genesys2_SVD_IPbus_ToBeDeleted/Genesys2_SVD/Genesys2_SVD.srcs/sources_1/imports/sources_1/new/math_unit.vhd:]
WARNING: [filemgmt 56-199] Attempt to get parsing info during refresh. "On-the-fly" syntax checking information may be incorrect. [/home/andrea/Documents/Genesys2_SVD_IPbus_ToBeDeleted/Genesys2_SVD/Genesys2_SVD.srcs/sources_1/imports/sources_1/new/calc_mult_factor.vhd:]
WARNING: [filemgmt 56-199] Attempt to get parsing info during refresh. "On-the-fly" syntax checking information may be incorrect. [/home/andrea/Documents/Genesys2_SVD_IPbus_ToBeDeleted/Genesys2_SVD/Genesys2_SVD.srcs/sources_1/imports/ipbus-firmware/components/ipbus_util/firmware/hdl/payload_example.vhd:]
WARNING: [filemgmt 56-199] Attempt to get parsing info during refresh. "On-the-fly" syntax checking information may be incorrect. [/home/andrea/Documents/Genesys2_SVD_IPbus_ToBeDeleted/Genesys2_SVD/Genesys2_SVD.srcs/sources_1/imports/ipbus-firmware/components/ipbus_util/firmware/hdl/payload_example.vhd:]
WARNING: [filemgmt 56-199] Attempt to get parsing info during refresh. "On-the-fly" syntax checking information may be incorrect. [/home/andrea/Documents/Genesys2_SVD_IPbus_ToBeDeleted/Genesys2_SVD/Genesys2_SVD.srcs/sim_1/new/tb_top_svd.vhd:]
WARNING: [filemgmt 56-199] Attempt to get parsing info during refresh. "On-the-fly" syntax checking information may be incorrect. [/home/andrea/Documents/Genesys2_SVD_IPbus_ToBeDeleted/Genesys2_SVD/Genesys2_SVD.srcs/sources_1/imports/sources_1/imports/Sources/top_svd.vhd:]
WARNING: [filemgmt 56-199] Attempt to get parsing info during refresh. "On-the-fly" syntax checking information may be incorrect. [/home/andrea/Documents/Genesys2_SVD_IPbus_ToBeDeleted/Genesys2_SVD/Genesys2_SVD.srcs/sources_1/imports/sources_1/new/mat_mult_v2.vhd:]
WARNING: [filemgmt 56-199] Attempt to get parsing info during refresh. "On-the-fly" syntax checking information may be incorrect. [/home/andrea/Documents/Genesys2_SVD_IPbus_ToBeDeleted/Genesys2_SVD/Genesys2_SVD.srcs/sources_1/imports/ipbus-firmware/boards/kc705/gmii/synth/firmware/hdl/top_kc705_gmii.vhd:]
WARNING: [filemgmt 56-199] Attempt to get parsing info during refresh. "On-the-fly" syntax checking information may be incorrect. [/home/andrea/Documents/Genesys2_SVD_IPbus_ToBeDeleted/Genesys2_SVD/Genesys2_SVD.srcs/sources_1/imports/ipbus-firmware/components/ipbus_util/firmware/hdl/payload_example.vhd:]
WARNING: [filemgmt 56-199] Attempt to get parsing info during refresh. "On-the-fly" syntax checking information may be incorrect. [/home/andrea/Documents/Genesys2_SVD_IPbus_ToBeDeleted/Genesys2_SVD/Genesys2_SVD.srcs/sources_1/imports/sources_1/new/math_unit.vhd:]
WARNING: [filemgmt 56-199] Attempt to get parsing info during refresh. "On-the-fly" syntax checking information may be incorrect. [/home/andrea/Documents/Genesys2_SVD_IPbus_ToBeDeleted/Genesys2_SVD/Genesys2_SVD.srcs/sources_1/imports/sources_1/new/calc_mult_factor.vhd:]
WARNING: [filemgmt 56-199] Attempt to get parsing info during refresh. "On-the-fly" syntax checking information may be incorrect. [/home/andrea/Documents/Genesys2_SVD_IPbus_ToBeDeleted/Genesys2_SVD/Genesys2_SVD.srcs/sources_1/imports/ipbus-firmware/boards/kc705/gmii/synth/firmware/hdl/top_kc705_gmii.vhd:]
WARNING: [filemgmt 56-199] Attempt to get parsing info during refresh. "On-the-fly" syntax checking information may be incorrect. [/home/andrea/Documents/Genesys2_SVD_IPbus_ToBeDeleted/Genesys2_SVD/Genesys2_SVD.srcs/sources_1/imports/ipbus-firmware/boards/kc705/gmii/synth/firmware/hdl/top_kc705_gmii.vhd:]
WARNING: [filemgmt 56-199] Attempt to get parsing info during refresh. "On-the-fly" syntax checking information may be incorrect. [/home/andrea/Documents/Genesys2_SVD_IPbus_ToBeDeleted/Genesys2_SVD/Genesys2_SVD.srcs/sim_1/new/tb_top_svd.vhd:]
WARNING: [filemgmt 56-199] Attempt to get parsing info during refresh. "On-the-fly" syntax checking information may be incorrect. [/home/andrea/Documents/Genesys2_SVD_IPbus_ToBeDeleted/Genesys2_SVD/Genesys2_SVD.srcs/sources_1/imports/sources_1/imports/Sources/top_svd.vhd:]
WARNING: [filemgmt 56-199] Attempt to get parsing info during refresh. "On-the-fly" syntax checking information may be incorrect. [/home/andrea/Documents/Genesys2_SVD_IPbus_ToBeDeleted/Genesys2_SVD/Genesys2_SVD.srcs/sources_1/imports/sources_1/new/mat_mult_v2.vhd:]
WARNING: [filemgmt 56-199] Attempt to get parsing info during refresh. "On-the-fly" syntax checking information may be incorrect. [/home/andrea/Documents/Genesys2_SVD_IPbus_ToBeDeleted/Genesys2_SVD/Genesys2_SVD.srcs/sources_1/imports/ipbus-firmware/boards/kc705/gmii/synth/firmware/hdl/top_kc705_gmii.vhd:]
WARNING: [filemgmt 56-199] Attempt to get parsing info during refresh. "On-the-fly" syntax checking information may be incorrect. [/home/andrea/Documents/Genesys2_SVD_IPbus_ToBeDeleted/Genesys2_SVD/Genesys2_SVD.srcs/sources_1/imports/ipbus-firmware/components/ipbus_util/firmware/hdl/payload_example.vhd:]
WARNING: [filemgmt 56-199] Attempt to get parsing info during refresh. "On-the-fly" syntax checking information may be incorrect. [/home/andrea/Documents/Genesys2_SVD_IPbus_ToBeDeleted/Genesys2_SVD/Genesys2_SVD.srcs/sources_1/imports/sources_1/new/math_unit.vhd:]
WARNING: [filemgmt 56-199] Attempt to get parsing info during refresh. "On-the-fly" syntax checking information may be incorrect. [/home/andrea/Documents/Genesys2_SVD_IPbus_ToBeDeleted/Genesys2_SVD/Genesys2_SVD.srcs/sources_1/imports/sources_1/new/calc_mult_factor.vhd:]
WARNING: [filemgmt 56-199] Attempt to get parsing info during refresh. "On-the-fly" syntax checking information may be incorrect. [/home/andrea/Documents/Genesys2_SVD_IPbus_ToBeDeleted/Genesys2_SVD/Genesys2_SVD.srcs/sources_1/imports/sources_1/new/calc_mult_factor.vhd:]
WARNING: [filemgmt 56-199] Attempt to get parsing info during refresh. "On-the-fly" syntax checking information may be incorrect. [/home/andrea/Documents/Genesys2_SVD_IPbus_ToBeDeleted/Genesys2_SVD/Genesys2_SVD.srcs/sources_1/imports/sources_1/new/calc_mult_factor.vhd:]
WARNING: [filemgmt 56-199] Attempt to get parsing info during refresh. "On-the-fly" syntax checking information may be incorrect. [/home/andrea/Documents/Genesys2_SVD_IPbus_ToBeDeleted/Genesys2_SVD/Genesys2_SVD.srcs/sim_1/new/tb_top_svd.vhd:]
WARNING: [filemgmt 56-199] Attempt to get parsing info during refresh. "On-the-fly" syntax checking information may be incorrect. [/home/andrea/Documents/Genesys2_SVD_IPbus_ToBeDeleted/Genesys2_SVD/Genesys2_SVD.srcs/sources_1/imports/sources_1/imports/Sources/top_svd.vhd:]
WARNING: [filemgmt 56-199] Attempt to get parsing info during refresh. "On-the-fly" syntax checking information may be incorrect. [/home/andrea/Documents/Genesys2_SVD_IPbus_ToBeDeleted/Genesys2_SVD/Genesys2_SVD.srcs/sources_1/imports/sources_1/new/mat_mult_v2.vhd:]
WARNING: [filemgmt 56-199] Attempt to get parsing info during refresh. "On-the-fly" syntax checking information may be incorrect. [/home/andrea/Documents/Genesys2_SVD_IPbus_ToBeDeleted/Genesys2_SVD/Genesys2_SVD.srcs/sources_1/imports/ipbus-firmware/boards/kc705/gmii/synth/firmware/hdl/top_kc705_gmii.vhd:]
WARNING: [filemgmt 56-199] Attempt to get parsing info during refresh. "On-the-fly" syntax checking information may be incorrect. [/home/andrea/Documents/Genesys2_SVD_IPbus_ToBeDeleted/Genesys2_SVD/Genesys2_SVD.srcs/sources_1/imports/ipbus-firmware/components/ipbus_util/firmware/hdl/payload_example.vhd:]
WARNING: [filemgmt 56-199] Attempt to get parsing info during refresh. "On-the-fly" syntax checking information may be incorrect. [/home/andrea/Documents/Genesys2_SVD_IPbus_ToBeDeleted/Genesys2_SVD/Genesys2_SVD.srcs/sources_1/imports/sources_1/new/math_unit.vhd:]
WARNING: [filemgmt 56-199] Attempt to get parsing info during refresh. "On-the-fly" syntax checking information may be incorrect. [/home/andrea/Documents/Genesys2_SVD_IPbus_ToBeDeleted/Genesys2_SVD/Genesys2_SVD.srcs/sources_1/imports/sources_1/new/calc_mult_factor.vhd:]
WARNING: [filemgmt 56-199] Attempt to get parsing info during refresh. "On-the-fly" syntax checking information may be incorrect. [/home/andrea/Documents/Genesys2_SVD_IPbus_ToBeDeleted/Genesys2_SVD/Genesys2_SVD.srcs/sources_1/imports/sources_1/new/math_unit.vhd:]
WARNING: [filemgmt 56-199] Attempt to get parsing info during refresh. "On-the-fly" syntax checking information may be incorrect. [/home/andrea/Documents/Genesys2_SVD_IPbus_ToBeDeleted/Genesys2_SVD/Genesys2_SVD.srcs/sources_1/imports/sources_1/new/math_unit.vhd:]
WARNING: [filemgmt 56-199] Attempt to get parsing info during refresh. "On-the-fly" syntax checking information may be incorrect. [/home/andrea/Documents/Genesys2_SVD_IPbus_ToBeDeleted/Genesys2_SVD/Genesys2_SVD.srcs/sim_1/new/tb_top_svd.vhd:]
WARNING: [filemgmt 56-199] Attempt to get parsing info during refresh. "On-the-fly" syntax checking information may be incorrect. [/home/andrea/Documents/Genesys2_SVD_IPbus_ToBeDeleted/Genesys2_SVD/Genesys2_SVD.srcs/sources_1/imports/sources_1/imports/Sources/top_svd.vhd:]
WARNING: [filemgmt 56-199] Attempt to get parsing info during refresh. "On-the-fly" syntax checking information may be incorrect. [/home/andrea/Documents/Genesys2_SVD_IPbus_ToBeDeleted/Genesys2_SVD/Genesys2_SVD.srcs/sources_1/imports/sources_1/new/mat_mult_v2.vhd:]
WARNING: [filemgmt 56-199] Attempt to get parsing info during refresh. "On-the-fly" syntax checking information may be incorrect. [/home/andrea/Documents/Genesys2_SVD_IPbus_ToBeDeleted/Genesys2_SVD/Genesys2_SVD.srcs/sources_1/imports/ipbus-firmware/boards/kc705/gmii/synth/firmware/hdl/top_kc705_gmii.vhd:]
WARNING: [filemgmt 56-199] Attempt to get parsing info during refresh. "On-the-fly" syntax checking information may be incorrect. [/home/andrea/Documents/Genesys2_SVD_IPbus_ToBeDeleted/Genesys2_SVD/Genesys2_SVD.srcs/sources_1/imports/ipbus-firmware/components/ipbus_util/firmware/hdl/payload_example.vhd:]
WARNING: [filemgmt 56-199] Attempt to get parsing info during refresh. "On-the-fly" syntax checking information may be incorrect. [/home/andrea/Documents/Genesys2_SVD_IPbus_ToBeDeleted/Genesys2_SVD/Genesys2_SVD.srcs/sources_1/imports/sources_1/new/math_unit.vhd:]
WARNING: [filemgmt 56-199] Attempt to get parsing info during refresh. "On-the-fly" syntax checking information may be incorrect. [/home/andrea/Documents/Genesys2_SVD_IPbus_ToBeDeleted/Genesys2_SVD/Genesys2_SVD.srcs/sources_1/imports/sources_1/new/calc_mult_factor.vhd:]
WARNING: [filemgmt 56-199] Attempt to get parsing info during refresh. "On-the-fly" syntax checking information may be incorrect. [/home/andrea/Documents/Genesys2_SVD_IPbus_ToBeDeleted/Genesys2_SVD/Genesys2_SVD.srcs/sim_1/new/tb_top_svd.vhd:]
WARNING: [filemgmt 56-199] Attempt to get parsing info during refresh. "On-the-fly" syntax checking information may be incorrect. [/home/andrea/Documents/Genesys2_SVD_IPbus_ToBeDeleted/Genesys2_SVD/Genesys2_SVD.srcs/sim_1/new/tb_top_svd.vhd:]
WARNING: [filemgmt 56-199] Attempt to get parsing info during refresh. "On-the-fly" syntax checking information may be incorrect. [/home/andrea/Documents/Genesys2_SVD_IPbus_ToBeDeleted/Genesys2_SVD/Genesys2_SVD.srcs/sim_1/new/tb_top_svd.vhd:]
WARNING: [filemgmt 56-199] Attempt to get parsing info during refresh. "On-the-fly" syntax checking information may be incorrect. [/home/andrea/Documents/Genesys2_SVD_IPbus_ToBeDeleted/Genesys2_SVD/Genesys2_SVD.srcs/sources_1/imports/sources_1/imports/Sources/top_svd.vhd:]
WARNING: [filemgmt 56-199] Attempt to get parsing info during refresh. "On-the-fly" syntax checking information may be incorrect. [/home/andrea/Documents/Genesys2_SVD_IPbus_ToBeDeleted/Genesys2_SVD/Genesys2_SVD.srcs/sources_1/imports/sources_1/new/mat_mult_v2.vhd:]
WARNING: [filemgmt 56-199] Attempt to get parsing info during refresh. "On-the-fly" syntax checking information may be incorrect. [/home/andrea/Documents/Genesys2_SVD_IPbus_ToBeDeleted/Genesys2_SVD/Genesys2_SVD.srcs/sources_1/imports/ipbus-firmware/boards/kc705/gmii/synth/firmware/hdl/top_kc705_gmii.vhd:]
WARNING: [filemgmt 56-199] Attempt to get parsing info during refresh. "On-the-fly" syntax checking information may be incorrect. [/home/andrea/Documents/Genesys2_SVD_IPbus_ToBeDeleted/Genesys2_SVD/Genesys2_SVD.srcs/sources_1/imports/ipbus-firmware/components/ipbus_util/firmware/hdl/payload_example.vhd:]
WARNING: [filemgmt 56-199] Attempt to get parsing info during refresh. "On-the-fly" syntax checking information may be incorrect. [/home/andrea/Documents/Genesys2_SVD_IPbus_ToBeDeleted/Genesys2_SVD/Genesys2_SVD.srcs/sources_1/imports/sources_1/new/math_unit.vhd:]
WARNING: [filemgmt 56-199] Attempt to get parsing info during refresh. "On-the-fly" syntax checking information may be incorrect. [/home/andrea/Documents/Genesys2_SVD_IPbus_ToBeDeleted/Genesys2_SVD/Genesys2_SVD.srcs/sources_1/imports/sources_1/new/calc_mult_factor.vhd:]
WARNING: [filemgmt 56-199] Attempt to get parsing info during refresh. "On-the-fly" syntax checking information may be incorrect. [/home/andrea/Documents/Genesys2_SVD_IPbus_ToBeDeleted/Genesys2_SVD/Genesys2_SVD.srcs/sources_1/imports/sources_1/imports/Sources/top_svd.vhd:]
WARNING: [filemgmt 56-199] Attempt to get parsing info during refresh. "On-the-fly" syntax checking information may be incorrect. [/home/andrea/Documents/Genesys2_SVD_IPbus_ToBeDeleted/Genesys2_SVD/Genesys2_SVD.srcs/sources_1/imports/sources_1/imports/Sources/top_svd.vhd:]
reset_run synth_1
INFO: [Project 1-1161] Replacing file /home/andrea/Documents/Genesys2_SVD_IPbus_ToBeDeleted/Genesys2_SVD/Genesys2_SVD.srcs/utils_1/imports/synth_1/top.dcp with file /home/andrea/Documents/Genesys2_SVD_IPbus_ToBeDeleted/Genesys2_SVD/Genesys2_SVD.runs/synth_1/top.dcp
WARNING: [filemgmt 56-199] Attempt to get parsing info during refresh. "On-the-fly" syntax checking information may be incorrect. [/home/andrea/Documents/Genesys2_SVD_IPbus_ToBeDeleted/Genesys2_SVD/Genesys2_SVD.srcs/sim_1/new/tb_top_svd.vhd:]
WARNING: [filemgmt 56-199] Attempt to get parsing info during refresh. "On-the-fly" syntax checking information may be incorrect. [/home/andrea/Documents/Genesys2_SVD_IPbus_ToBeDeleted/Genesys2_SVD/Genesys2_SVD.srcs/sources_1/imports/sources_1/imports/Sources/top_svd.vhd:]
WARNING: [filemgmt 56-199] Attempt to get parsing info during refresh. "On-the-fly" syntax checking information may be incorrect. [/home/andrea/Documents/Genesys2_SVD_IPbus_ToBeDeleted/Genesys2_SVD/Genesys2_SVD.srcs/sources_1/imports/sources_1/new/mat_mult_v2.vhd:]
WARNING: [filemgmt 56-199] Attempt to get parsing info during refresh. "On-the-fly" syntax checking information may be incorrect. [/home/andrea/Documents/Genesys2_SVD_IPbus_ToBeDeleted/Genesys2_SVD/Genesys2_SVD.srcs/sources_1/imports/ipbus-firmware/boards/kc705/gmii/synth/firmware/hdl/top_kc705_gmii.vhd:]
WARNING: [filemgmt 56-199] Attempt to get parsing info during refresh. "On-the-fly" syntax checking information may be incorrect. [/home/andrea/Documents/Genesys2_SVD_IPbus_ToBeDeleted/Genesys2_SVD/Genesys2_SVD.srcs/sources_1/imports/ipbus-firmware/components/ipbus_util/firmware/hdl/payload_example.vhd:]
WARNING: [filemgmt 56-199] Attempt to get parsing info during refresh. "On-the-fly" syntax checking information may be incorrect. [/home/andrea/Documents/Genesys2_SVD_IPbus_ToBeDeleted/Genesys2_SVD/Genesys2_SVD.srcs/sources_1/imports/sources_1/new/math_unit.vhd:]
WARNING: [filemgmt 56-199] Attempt to get parsing info during refresh. "On-the-fly" syntax checking information may be incorrect. [/home/andrea/Documents/Genesys2_SVD_IPbus_ToBeDeleted/Genesys2_SVD/Genesys2_SVD.srcs/sources_1/imports/sources_1/new/calc_mult_factor.vhd:]
WARNING: [filemgmt 56-199] Attempt to get parsing info during refresh. "On-the-fly" syntax checking information may be incorrect. [/home/andrea/Documents/Genesys2_SVD_IPbus_ToBeDeleted/Genesys2_SVD/Genesys2_SVD.srcs/sources_1/imports/ipbus-firmware/components/ipbus_util/firmware/hdl/payload_example.vhd:]
WARNING: [filemgmt 56-199] Attempt to get parsing info during refresh. "On-the-fly" syntax checking information may be incorrect. [/home/andrea/Documents/Genesys2_SVD_IPbus_ToBeDeleted/Genesys2_SVD/Genesys2_SVD.srcs/sources_1/imports/ipbus-firmware/components/ipbus_util/firmware/hdl/payload_example.vhd:]
WARNING: [filemgmt 56-199] Attempt to get parsing info during refresh. "On-the-fly" syntax checking information may be incorrect. [/home/andrea/Documents/Genesys2_SVD_IPbus_ToBeDeleted/Genesys2_SVD/Genesys2_SVD.srcs/sim_1/new/tb_top_svd.vhd:]
WARNING: [filemgmt 56-199] Attempt to get parsing info during refresh. "On-the-fly" syntax checking information may be incorrect. [/home/andrea/Documents/Genesys2_SVD_IPbus_ToBeDeleted/Genesys2_SVD/Genesys2_SVD.srcs/sources_1/imports/sources_1/imports/Sources/top_svd.vhd:]
WARNING: [filemgmt 56-199] Attempt to get parsing info during refresh. "On-the-fly" syntax checking information may be incorrect. [/home/andrea/Documents/Genesys2_SVD_IPbus_ToBeDeleted/Genesys2_SVD/Genesys2_SVD.srcs/sources_1/imports/sources_1/new/mat_mult_v2.vhd:]
WARNING: [filemgmt 56-199] Attempt to get parsing info during refresh. "On-the-fly" syntax checking information may be incorrect. [/home/andrea/Documents/Genesys2_SVD_IPbus_ToBeDeleted/Genesys2_SVD/Genesys2_SVD.srcs/sources_1/imports/ipbus-firmware/boards/kc705/gmii/synth/firmware/hdl/top_kc705_gmii.vhd:]
WARNING: [filemgmt 56-199] Attempt to get parsing info during refresh. "On-the-fly" syntax checking information may be incorrect. [/home/andrea/Documents/Genesys2_SVD_IPbus_ToBeDeleted/Genesys2_SVD/Genesys2_SVD.srcs/sources_1/imports/ipbus-firmware/components/ipbus_util/firmware/hdl/payload_example.vhd:]
WARNING: [filemgmt 56-199] Attempt to get parsing info during refresh. "On-the-fly" syntax checking information may be incorrect. [/home/andrea/Documents/Genesys2_SVD_IPbus_ToBeDeleted/Genesys2_SVD/Genesys2_SVD.srcs/sources_1/imports/sources_1/new/math_unit.vhd:]
WARNING: [filemgmt 56-199] Attempt to get parsing info during refresh. "On-the-fly" syntax checking information may be incorrect. [/home/andrea/Documents/Genesys2_SVD_IPbus_ToBeDeleted/Genesys2_SVD/Genesys2_SVD.srcs/sources_1/imports/sources_1/new/calc_mult_factor.vhd:]
WARNING: [filemgmt 56-199] Attempt to get parsing info during refresh. "On-the-fly" syntax checking information may be incorrect. [/home/andrea/Documents/Genesys2_SVD_IPbus_ToBeDeleted/Genesys2_SVD/Genesys2_SVD.srcs/sources_1/imports/ipbus-firmware/boards/kc705/gmii/synth/firmware/hdl/top_kc705_gmii.vhd:]
WARNING: [filemgmt 56-199] Attempt to get parsing info during refresh. "On-the-fly" syntax checking information may be incorrect. [/home/andrea/Documents/Genesys2_SVD_IPbus_ToBeDeleted/Genesys2_SVD/Genesys2_SVD.srcs/sources_1/imports/ipbus-firmware/boards/kc705/gmii/synth/firmware/hdl/top_kc705_gmii.vhd:]
WARNING: [filemgmt 56-199] Attempt to get parsing info during refresh. "On-the-fly" syntax checking information may be incorrect. [/home/andrea/Documents/Genesys2_SVD_IPbus_ToBeDeleted/Genesys2_SVD/Genesys2_SVD.srcs/sim_1/new/tb_top_svd.vhd:]
WARNING: [filemgmt 56-199] Attempt to get parsing info during refresh. "On-the-fly" syntax checking information may be incorrect. [/home/andrea/Documents/Genesys2_SVD_IPbus_ToBeDeleted/Genesys2_SVD/Genesys2_SVD.srcs/sources_1/imports/sources_1/imports/Sources/top_svd.vhd:]
WARNING: [filemgmt 56-199] Attempt to get parsing info during refresh. "On-the-fly" syntax checking information may be incorrect. [/home/andrea/Documents/Genesys2_SVD_IPbus_ToBeDeleted/Genesys2_SVD/Genesys2_SVD.srcs/sources_1/imports/sources_1/new/mat_mult_v2.vhd:]
WARNING: [filemgmt 56-199] Attempt to get parsing info during refresh. "On-the-fly" syntax checking information may be incorrect. [/home/andrea/Documents/Genesys2_SVD_IPbus_ToBeDeleted/Genesys2_SVD/Genesys2_SVD.srcs/sources_1/imports/ipbus-firmware/boards/kc705/gmii/synth/firmware/hdl/top_kc705_gmii.vhd:]
WARNING: [filemgmt 56-199] Attempt to get parsing info during refresh. "On-the-fly" syntax checking information may be incorrect. [/home/andrea/Documents/Genesys2_SVD_IPbus_ToBeDeleted/Genesys2_SVD/Genesys2_SVD.srcs/sources_1/imports/ipbus-firmware/components/ipbus_util/firmware/hdl/payload_example.vhd:]
WARNING: [filemgmt 56-199] Attempt to get parsing info during refresh. "On-the-fly" syntax checking information may be incorrect. [/home/andrea/Documents/Genesys2_SVD_IPbus_ToBeDeleted/Genesys2_SVD/Genesys2_SVD.srcs/sources_1/imports/sources_1/new/math_unit.vhd:]
WARNING: [filemgmt 56-199] Attempt to get parsing info during refresh. "On-the-fly" syntax checking information may be incorrect. [/home/andrea/Documents/Genesys2_SVD_IPbus_ToBeDeleted/Genesys2_SVD/Genesys2_SVD.srcs/sources_1/imports/sources_1/new/calc_mult_factor.vhd:]
WARNING: [filemgmt 56-199] Attempt to get parsing info during refresh. "On-the-fly" syntax checking information may be incorrect. [/home/andrea/Documents/Genesys2_SVD_IPbus_ToBeDeleted/Genesys2_SVD/Genesys2_SVD.srcs/sources_1/imports/sources_1/new/calc_mult_factor.vhd:]
WARNING: [filemgmt 56-199] Attempt to get parsing info during refresh. "On-the-fly" syntax checking information may be incorrect. [/home/andrea/Documents/Genesys2_SVD_IPbus_ToBeDeleted/Genesys2_SVD/Genesys2_SVD.srcs/sources_1/imports/sources_1/new/calc_mult_factor.vhd:]
WARNING: [filemgmt 56-199] Attempt to get parsing info during refresh. "On-the-fly" syntax checking information may be incorrect. [/home/andrea/Documents/Genesys2_SVD_IPbus_ToBeDeleted/Genesys2_SVD/Genesys2_SVD.srcs/sim_1/new/tb_top_svd.vhd:]
WARNING: [filemgmt 56-199] Attempt to get parsing info during refresh. "On-the-fly" syntax checking information may be incorrect. [/home/andrea/Documents/Genesys2_SVD_IPbus_ToBeDeleted/Genesys2_SVD/Genesys2_SVD.srcs/sources_1/imports/sources_1/imports/Sources/top_svd.vhd:]
WARNING: [filemgmt 56-199] Attempt to get parsing info during refresh. "On-the-fly" syntax checking information may be incorrect. [/home/andrea/Documents/Genesys2_SVD_IPbus_ToBeDeleted/Genesys2_SVD/Genesys2_SVD.srcs/sources_1/imports/sources_1/new/mat_mult_v2.vhd:]
WARNING: [filemgmt 56-199] Attempt to get parsing info during refresh. "On-the-fly" syntax checking information may be incorrect. [/home/andrea/Documents/Genesys2_SVD_IPbus_ToBeDeleted/Genesys2_SVD/Genesys2_SVD.srcs/sources_1/imports/ipbus-firmware/boards/kc705/gmii/synth/firmware/hdl/top_kc705_gmii.vhd:]
WARNING: [filemgmt 56-199] Attempt to get parsing info during refresh. "On-the-fly" syntax checking information may be incorrect. [/home/andrea/Documents/Genesys2_SVD_IPbus_ToBeDeleted/Genesys2_SVD/Genesys2_SVD.srcs/sources_1/imports/ipbus-firmware/components/ipbus_util/firmware/hdl/payload_example.vhd:]
WARNING: [filemgmt 56-199] Attempt to get parsing info during refresh. "On-the-fly" syntax checking information may be incorrect. [/home/andrea/Documents/Genesys2_SVD_IPbus_ToBeDeleted/Genesys2_SVD/Genesys2_SVD.srcs/sources_1/imports/sources_1/new/math_unit.vhd:]
WARNING: [filemgmt 56-199] Attempt to get parsing info during refresh. "On-the-fly" syntax checking information may be incorrect. [/home/andrea/Documents/Genesys2_SVD_IPbus_ToBeDeleted/Genesys2_SVD/Genesys2_SVD.srcs/sources_1/imports/sources_1/new/calc_mult_factor.vhd:]
WARNING: [filemgmt 56-199] Attempt to get parsing info during refresh. "On-the-fly" syntax checking information may be incorrect. [/home/andrea/Documents/Genesys2_SVD_IPbus_ToBeDeleted/Genesys2_SVD/Genesys2_SVD.srcs/sources_1/imports/sources_1/new/math_unit.vhd:]
WARNING: [filemgmt 56-199] Attempt to get parsing info during refresh. "On-the-fly" syntax checking information may be incorrect. [/home/andrea/Documents/Genesys2_SVD_IPbus_ToBeDeleted/Genesys2_SVD/Genesys2_SVD.srcs/sources_1/imports/sources_1/new/math_unit.vhd:]
launch_runs impl_1 -to_step write_bitstream -jobs 16
WARNING: [filemgmt 56-199] Attempt to get parsing info during refresh. "On-the-fly" syntax checking information may be incorrect. [/home/andrea/Documents/Genesys2_SVD_IPbus_ToBeDeleted/Genesys2_SVD/Genesys2_SVD.srcs/sim_1/new/tb_top_svd.vhd:]
WARNING: [filemgmt 56-199] Attempt to get parsing info during refresh. "On-the-fly" syntax checking information may be incorrect. [/home/andrea/Documents/Genesys2_SVD_IPbus_ToBeDeleted/Genesys2_SVD/Genesys2_SVD.srcs/sources_1/imports/sources_1/imports/Sources/top_svd.vhd:]
WARNING: [filemgmt 56-199] Attempt to get parsing info during refresh. "On-the-fly" syntax checking information may be incorrect. [/home/andrea/Documents/Genesys2_SVD_IPbus_ToBeDeleted/Genesys2_SVD/Genesys2_SVD.srcs/sources_1/imports/sources_1/new/mat_mult_v2.vhd:]
WARNING: [filemgmt 56-199] Attempt to get parsing info during refresh. "On-the-fly" syntax checking information may be incorrect. [/home/andrea/Documents/Genesys2_SVD_IPbus_ToBeDeleted/Genesys2_SVD/Genesys2_SVD.srcs/sources_1/imports/ipbus-firmware/boards/kc705/gmii/synth/firmware/hdl/top_kc705_gmii.vhd:]
WARNING: [filemgmt 56-199] Attempt to get parsing info during refresh. "On-the-fly" syntax checking information may be incorrect. [/home/andrea/Documents/Genesys2_SVD_IPbus_ToBeDeleted/Genesys2_SVD/Genesys2_SVD.srcs/sources_1/imports/ipbus-firmware/components/ipbus_util/firmware/hdl/payload_example.vhd:]
WARNING: [filemgmt 56-199] Attempt to get parsing info during refresh. "On-the-fly" syntax checking information may be incorrect. [/home/andrea/Documents/Genesys2_SVD_IPbus_ToBeDeleted/Genesys2_SVD/Genesys2_SVD.srcs/sources_1/imports/sources_1/new/math_unit.vhd:]
WARNING: [filemgmt 56-199] Attempt to get parsing info during refresh. "On-the-fly" syntax checking information may be incorrect. [/home/andrea/Documents/Genesys2_SVD_IPbus_ToBeDeleted/Genesys2_SVD/Genesys2_SVD.srcs/sources_1/imports/sources_1/new/calc_mult_factor.vhd:]
WARNING: [filemgmt 56-199] Attempt to get parsing info during refresh. "On-the-fly" syntax checking information may be incorrect. [/home/andrea/Documents/Genesys2_SVD_IPbus_ToBeDeleted/Genesys2_SVD/Genesys2_SVD.srcs/sim_1/new/tb_top_svd.vhd:]
WARNING: [filemgmt 56-199] Attempt to get parsing info during refresh. "On-the-fly" syntax checking information may be incorrect. [/home/andrea/Documents/Genesys2_SVD_IPbus_ToBeDeleted/Genesys2_SVD/Genesys2_SVD.srcs/sim_1/new/tb_top_svd.vhd:]
[Thu Dec  5 10:42:36 2024] Launched synth_1...
Run output will be captured here: /home/andrea/Documents/Genesys2_SVD_IPbus_ToBeDeleted/Genesys2_SVD/Genesys2_SVD.runs/synth_1/runme.log
[Thu Dec  5 10:42:36 2024] Launched impl_1...
Run output will be captured here: /home/andrea/Documents/Genesys2_SVD_IPbus_ToBeDeleted/Genesys2_SVD/Genesys2_SVD.runs/impl_1/runme.log
WARNING: [filemgmt 56-199] Attempt to get parsing info during refresh. "On-the-fly" syntax checking information may be incorrect. [/home/andrea/Documents/Genesys2_SVD_IPbus_ToBeDeleted/Genesys2_SVD/Genesys2_SVD.srcs/sim_1/new/tb_top_svd.vhd:]
WARNING: [filemgmt 56-199] Attempt to get parsing info during refresh. "On-the-fly" syntax checking information may be incorrect. [/home/andrea/Documents/Genesys2_SVD_IPbus_ToBeDeleted/Genesys2_SVD/Genesys2_SVD.srcs/sources_1/imports/sources_1/imports/Sources/top_svd.vhd:]
WARNING: [filemgmt 56-199] Attempt to get parsing info during refresh. "On-the-fly" syntax checking information may be incorrect. [/home/andrea/Documents/Genesys2_SVD_IPbus_ToBeDeleted/Genesys2_SVD/Genesys2_SVD.srcs/sources_1/imports/sources_1/new/mat_mult_v2.vhd:]
WARNING: [filemgmt 56-199] Attempt to get parsing info during refresh. "On-the-fly" syntax checking information may be incorrect. [/home/andrea/Documents/Genesys2_SVD_IPbus_ToBeDeleted/Genesys2_SVD/Genesys2_SVD.srcs/sources_1/imports/ipbus-firmware/boards/kc705/gmii/synth/firmware/hdl/top_kc705_gmii.vhd:]
WARNING: [filemgmt 56-199] Attempt to get parsing info during refresh. "On-the-fly" syntax checking information may be incorrect. [/home/andrea/Documents/Genesys2_SVD_IPbus_ToBeDeleted/Genesys2_SVD/Genesys2_SVD.srcs/sources_1/imports/ipbus-firmware/components/ipbus_util/firmware/hdl/payload_example.vhd:]
WARNING: [filemgmt 56-199] Attempt to get parsing info during refresh. "On-the-fly" syntax checking information may be incorrect. [/home/andrea/Documents/Genesys2_SVD_IPbus_ToBeDeleted/Genesys2_SVD/Genesys2_SVD.srcs/sources_1/imports/sources_1/new/math_unit.vhd:]
WARNING: [filemgmt 56-199] Attempt to get parsing info during refresh. "On-the-fly" syntax checking information may be incorrect. [/home/andrea/Documents/Genesys2_SVD_IPbus_ToBeDeleted/Genesys2_SVD/Genesys2_SVD.srcs/sources_1/imports/sources_1/new/calc_mult_factor.vhd:]
WARNING: [filemgmt 56-199] Attempt to get parsing info during refresh. "On-the-fly" syntax checking information may be incorrect. [/home/andrea/Documents/Genesys2_SVD_IPbus_ToBeDeleted/Genesys2_SVD/Genesys2_SVD.srcs/sources_1/imports/sources_1/imports/Sources/top_svd.vhd:]
WARNING: [filemgmt 56-199] Attempt to get parsing info during refresh. "On-the-fly" syntax checking information may be incorrect. [/home/andrea/Documents/Genesys2_SVD_IPbus_ToBeDeleted/Genesys2_SVD/Genesys2_SVD.srcs/sources_1/imports/sources_1/imports/Sources/top_svd.vhd:]
open_run impl_1
Netlist sorting complete. Time (s): cpu = 00:00:00.23 ; elapsed = 00:00:00.22 . Memory (MB): peak = 11228.676 ; gain = 0.000 ; free physical = 10162 ; free virtual = 91941
INFO: [Netlist 29-17] Analyzing 10741 Unisim elements for replacement
INFO: [Netlist 29-28] Unisim Transformation completed in 0 CPU seconds
INFO: [Project 1-479] Netlist was created with Vivado 2024.1.1
INFO: [Project 1-570] Preparing netlist for logic optimization
Read ShapeDB Complete: Time (s): cpu = 00:00:00.08 ; elapsed = 00:00:00.08 . Memory (MB): peak = 11228.676 ; gain = 0.000 ; free physical = 10162 ; free virtual = 91941
INFO: [Timing 38-478] Restoring timing data from binary archive.
INFO: [Timing 38-479] Binary timing data restore complete.
INFO: [Project 1-856] Restoring constraints from binary archive.
INFO: [Project 1-853] Binary constraint restore complete.
INFO: [Designutils 20-5722] Start Reading Physical Databases.
Reading placement.
Read Netlist Cache: Time (s): cpu = 00:00:00.05 ; elapsed = 00:00:00.04 . Memory (MB): peak = 11228.676 ; gain = 0.000 ; free physical = 10142 ; free virtual = 91921
Reading placer database...
Read Device Cache: Time (s): cpu = 00:00:00.01 ; elapsed = 00:00:00 . Memory (MB): peak = 11228.676 ; gain = 0.000 ; free physical = 10142 ; free virtual = 91921
Read PlaceDB: Time (s): cpu = 00:00:04 ; elapsed = 00:00:03 . Memory (MB): peak = 11228.676 ; gain = 0.000 ; free physical = 10141 ; free virtual = 91921
Read PulsedLatchDB: Time (s): cpu = 00:00:00 ; elapsed = 00:00:00 . Memory (MB): peak = 11228.676 ; gain = 0.000 ; free physical = 10141 ; free virtual = 91921
Reading routing.
Read RouteStorage: Time (s): cpu = 00:00:01 ; elapsed = 00:00:00.44 . Memory (MB): peak = 11228.676 ; gain = 0.000 ; free physical = 10141 ; free virtual = 91920
Read Physdb Files: Time (s): cpu = 00:00:05 ; elapsed = 00:00:04 . Memory (MB): peak = 11228.676 ; gain = 0.000 ; free physical = 10141 ; free virtual = 91920
Restored from archive | CPU: 5.110000 secs | Memory: 103.072586 MB |
Finished XDEF File Restore: Time (s): cpu = 00:00:05 ; elapsed = 00:00:04 . Memory (MB): peak = 11228.676 ; gain = 0.000 ; free physical = 10141 ; free virtual = 91920
Netlist sorting complete. Time (s): cpu = 00:00:00 ; elapsed = 00:00:00.01 . Memory (MB): peak = 11228.676 ; gain = 0.000 ; free physical = 10141 ; free virtual = 91920
INFO: [Project 1-111] Unisim Transformation Summary:
  A total of 10 instances were transformed.
  RAM32M => RAM32M (RAMD32(x6), RAMS32(x2)): 2 instances
  RAM64X1D => RAM64X1D (RAMD64E(x2)): 8 instances

open_run: Time (s): cpu = 00:00:30 ; elapsed = 00:00:18 . Memory (MB): peak = 11251.688 ; gain = 23.012 ; free physical = 10134 ; free virtual = 91919
WARNING: [Timing 38-436] There are set_bus_skew constraint(s) in this design. Please run report_bus_skew to ensure that bus skew requirements are met.
reset_run impl_1 -prev_step 
launch_runs impl_1 -to_step write_bitstream -jobs 16
[Thu Dec  5 11:01:40 2024] Launched impl_1...
Run output will be captured here: /home/andrea/Documents/Genesys2_SVD_IPbus_ToBeDeleted/Genesys2_SVD/Genesys2_SVD.runs/impl_1/runme.log
open_hw_manager
connect_hw_server -allow_non_jtag
INFO: [Labtools 27-2285] Connecting to hw_server url TCP:localhost:3121
INFO: [Labtools 27-3415] Connecting to cs_server url TCP:localhost:0
INFO: [Labtools 27-3417] Launching cs_server...
INFO: [Labtools 27-2221] Launch Output:


******** Xilinx cs_server v2024.1.0
  ****** Build date   : Apr 27 2024-11:40:49
    **** Build number : 2024.1.1714182049
      ** Copyright 2017-2022 Xilinx, Inc. All Rights Reserved.
      ** Copyright 2022-2024 Advanced Micro Devices, Inc. All Rights Reserved.



open_hw_target
INFO: [Labtoolstcl 44-466] Opening hw_target localhost:3121/xilinx_tcf/Digilent/200300B18D8FB
current_hw_device [get_hw_devices xc7k325t_0]
refresh_hw_device -update_hw_probes false [lindex [get_hw_devices xc7k325t_0] 0]
INFO: [Labtools 27-1434] Device xc7k325t (JTAG device index = 0) is programmed with a design that has no supported debug core(s) in it.
set_property PROBES.FILE {} [get_hw_devices xc7k325t_0]
set_property FULL_PROBES.FILE {} [get_hw_devices xc7k325t_0]
set_property PROGRAM.FILE {/home/andrea/Documents/Genesys2_SVD_IPbus_ToBeDeleted/Genesys2_SVD/Genesys2_SVD.runs/impl_1/top.bit} [get_hw_devices xc7k325t_0]
program_hw_devices [get_hw_devices xc7k325t_0]
INFO: [Labtools 27-3164] End of startup status: HIGH
refresh_hw_device [lindex [get_hw_devices xc7k325t_0] 0]
INFO: [Labtools 27-1434] Device xc7k325t (JTAG device index = 0) is programmed with a design that has no supported debug core(s) in it.
ERROR: [Labtoolstcl 44-513] HW Target shutdown. Closing target: localhost:3121/xilinx_tcf/Digilent/200300B18D8FB
INFO: [Labtoolstcl 44-466] Opening hw_target localhost:3121/xilinx_tcf/Digilent/200300B18D8FB
INFO: [Labtools 27-1434] Device xc7k325t (JTAG device index = 0) is programmed with a design that has no supported debug core(s) in it.
WARNING: [Labtoolstcl 44-129] No matching hw_ila_data was found.
set_property PROBES.FILE {} [get_hw_devices xc7k325t_0]
set_property FULL_PROBES.FILE {} [get_hw_devices xc7k325t_0]
set_property PROGRAM.FILE {/home/andrea/Documents/Genesys2_SVD_IPbus_ToBeDeleted/Genesys2_SVD/Genesys2_SVD.runs/impl_1/top.bit} [get_hw_devices xc7k325t_0]
program_hw_devices [get_hw_devices xc7k325t_0]
INFO: [Labtools 27-3164] End of startup status: HIGH
refresh_hw_device [lindex [get_hw_devices xc7k325t_0] 0]
INFO: [Labtools 27-1434] Device xc7k325t (JTAG device index = 0) is programmed with a design that has no supported debug core(s) in it.
WARNING: [filemgmt 56-199] Attempt to get parsing info during refresh. "On-the-fly" syntax checking information may be incorrect. [/home/andrea/Documents/Genesys2_SVD_IPbus_ToBeDeleted/Genesys2_SVD/Genesys2_SVD.srcs/sim_1/new/tb_top_svd.vhd:]
WARNING: [filemgmt 56-199] Attempt to get parsing info during refresh. "On-the-fly" syntax checking information may be incorrect. [/home/andrea/Documents/Genesys2_SVD_IPbus_ToBeDeleted/Genesys2_SVD/Genesys2_SVD.srcs/sources_1/imports/sources_1/imports/Sources/top_svd.vhd:]
WARNING: [filemgmt 56-199] Attempt to get parsing info during refresh. "On-the-fly" syntax checking information may be incorrect. [/home/andrea/Documents/Genesys2_SVD_IPbus_ToBeDeleted/Genesys2_SVD/Genesys2_SVD.srcs/sources_1/imports/sources_1/new/mat_mult_v2.vhd:]
WARNING: [filemgmt 56-199] Attempt to get parsing info during refresh. "On-the-fly" syntax checking information may be incorrect. [/home/andrea/Documents/Genesys2_SVD_IPbus_ToBeDeleted/Genesys2_SVD/Genesys2_SVD.srcs/sources_1/imports/ipbus-firmware/boards/kc705/gmii/synth/firmware/hdl/top_kc705_gmii.vhd:]
WARNING: [filemgmt 56-199] Attempt to get parsing info during refresh. "On-the-fly" syntax checking information may be incorrect. [/home/andrea/Documents/Genesys2_SVD_IPbus_ToBeDeleted/Genesys2_SVD/Genesys2_SVD.srcs/sources_1/imports/ipbus-firmware/components/ipbus_util/firmware/hdl/payload_example.vhd:]
WARNING: [filemgmt 56-199] Attempt to get parsing info during refresh. "On-the-fly" syntax checking information may be incorrect. [/home/andrea/Documents/Genesys2_SVD_IPbus_ToBeDeleted/Genesys2_SVD/Genesys2_SVD.srcs/sources_1/imports/sources_1/new/math_unit.vhd:]
WARNING: [filemgmt 56-199] Attempt to get parsing info during refresh. "On-the-fly" syntax checking information may be incorrect. [/home/andrea/Documents/Genesys2_SVD_IPbus_ToBeDeleted/Genesys2_SVD/Genesys2_SVD.srcs/sources_1/imports/sources_1/new/calc_mult_factor.vhd:]
WARNING: [filemgmt 56-199] Attempt to get parsing info during refresh. "On-the-fly" syntax checking information may be incorrect. [/home/andrea/Documents/Genesys2_SVD_IPbus_ToBeDeleted/Genesys2_SVD/Genesys2_SVD.srcs/sources_1/imports/ipbus-firmware/components/ipbus_util/firmware/hdl/payload_example.vhd:]
WARNING: [filemgmt 56-199] Attempt to get parsing info during refresh. "On-the-fly" syntax checking information may be incorrect. [/home/andrea/Documents/Genesys2_SVD_IPbus_ToBeDeleted/Genesys2_SVD/Genesys2_SVD.srcs/sources_1/imports/ipbus-firmware/components/ipbus_util/firmware/hdl/payload_example.vhd:]
reset_run synth_1
WARNING: [filemgmt 56-199] Attempt to get parsing info during refresh. "On-the-fly" syntax checking information may be incorrect. [/home/andrea/Documents/Genesys2_SVD_IPbus_ToBeDeleted/Genesys2_SVD/Genesys2_SVD.srcs/sim_1/new/tb_top_svd.vhd:]
WARNING: [filemgmt 56-199] Attempt to get parsing info during refresh. "On-the-fly" syntax checking information may be incorrect. [/home/andrea/Documents/Genesys2_SVD_IPbus_ToBeDeleted/Genesys2_SVD/Genesys2_SVD.srcs/sources_1/imports/sources_1/imports/Sources/top_svd.vhd:]
WARNING: [filemgmt 56-199] Attempt to get parsing info during refresh. "On-the-fly" syntax checking information may be incorrect. [/home/andrea/Documents/Genesys2_SVD_IPbus_ToBeDeleted/Genesys2_SVD/Genesys2_SVD.srcs/sources_1/imports/sources_1/new/mat_mult_v2.vhd:]
WARNING: [filemgmt 56-199] Attempt to get parsing info during refresh. "On-the-fly" syntax checking information may be incorrect. [/home/andrea/Documents/Genesys2_SVD_IPbus_ToBeDeleted/Genesys2_SVD/Genesys2_SVD.srcs/sources_1/imports/ipbus-firmware/boards/kc705/gmii/synth/firmware/hdl/top_kc705_gmii.vhd:]
WARNING: [filemgmt 56-199] Attempt to get parsing info during refresh. "On-the-fly" syntax checking information may be incorrect. [/home/andrea/Documents/Genesys2_SVD_IPbus_ToBeDeleted/Genesys2_SVD/Genesys2_SVD.srcs/sources_1/imports/ipbus-firmware/components/ipbus_util/firmware/hdl/payload_example.vhd:]
WARNING: [filemgmt 56-199] Attempt to get parsing info during refresh. "On-the-fly" syntax checking information may be incorrect. [/home/andrea/Documents/Genesys2_SVD_IPbus_ToBeDeleted/Genesys2_SVD/Genesys2_SVD.srcs/sources_1/imports/sources_1/new/math_unit.vhd:]
WARNING: [filemgmt 56-199] Attempt to get parsing info during refresh. "On-the-fly" syntax checking information may be incorrect. [/home/andrea/Documents/Genesys2_SVD_IPbus_ToBeDeleted/Genesys2_SVD/Genesys2_SVD.srcs/sources_1/imports/sources_1/new/calc_mult_factor.vhd:]
WARNING: [filemgmt 56-199] Attempt to get parsing info during refresh. "On-the-fly" syntax checking information may be incorrect. [/home/andrea/Documents/Genesys2_SVD_IPbus_ToBeDeleted/Genesys2_SVD/Genesys2_SVD.srcs/sources_1/imports/sources_1/new/calc_mult_factor.vhd:]
WARNING: [filemgmt 56-199] Attempt to get parsing info during refresh. "On-the-fly" syntax checking information may be incorrect. [/home/andrea/Documents/Genesys2_SVD_IPbus_ToBeDeleted/Genesys2_SVD/Genesys2_SVD.srcs/sources_1/imports/sources_1/new/calc_mult_factor.vhd:]
WARNING: [filemgmt 56-199] Attempt to get parsing info during refresh. "On-the-fly" syntax checking information may be incorrect. [/home/andrea/Documents/Genesys2_SVD_IPbus_ToBeDeleted/Genesys2_SVD/Genesys2_SVD.srcs/sim_1/new/tb_top_svd.vhd:]
WARNING: [filemgmt 56-199] Attempt to get parsing info during refresh. "On-the-fly" syntax checking information may be incorrect. [/home/andrea/Documents/Genesys2_SVD_IPbus_ToBeDeleted/Genesys2_SVD/Genesys2_SVD.srcs/sources_1/imports/sources_1/imports/Sources/top_svd.vhd:]
WARNING: [filemgmt 56-199] Attempt to get parsing info during refresh. "On-the-fly" syntax checking information may be incorrect. [/home/andrea/Documents/Genesys2_SVD_IPbus_ToBeDeleted/Genesys2_SVD/Genesys2_SVD.srcs/sources_1/imports/sources_1/new/mat_mult_v2.vhd:]
WARNING: [filemgmt 56-199] Attempt to get parsing info during refresh. "On-the-fly" syntax checking information may be incorrect. [/home/andrea/Documents/Genesys2_SVD_IPbus_ToBeDeleted/Genesys2_SVD/Genesys2_SVD.srcs/sources_1/imports/ipbus-firmware/boards/kc705/gmii/synth/firmware/hdl/top_kc705_gmii.vhd:]
WARNING: [filemgmt 56-199] Attempt to get parsing info during refresh. "On-the-fly" syntax checking information may be incorrect. [/home/andrea/Documents/Genesys2_SVD_IPbus_ToBeDeleted/Genesys2_SVD/Genesys2_SVD.srcs/sources_1/imports/ipbus-firmware/components/ipbus_util/firmware/hdl/payload_example.vhd:]
WARNING: [filemgmt 56-199] Attempt to get parsing info during refresh. "On-the-fly" syntax checking information may be incorrect. [/home/andrea/Documents/Genesys2_SVD_IPbus_ToBeDeleted/Genesys2_SVD/Genesys2_SVD.srcs/sources_1/imports/sources_1/new/math_unit.vhd:]
WARNING: [filemgmt 56-199] Attempt to get parsing info during refresh. "On-the-fly" syntax checking information may be incorrect. [/home/andrea/Documents/Genesys2_SVD_IPbus_ToBeDeleted/Genesys2_SVD/Genesys2_SVD.srcs/sources_1/imports/sources_1/new/calc_mult_factor.vhd:]
WARNING: [filemgmt 56-199] Attempt to get parsing info during refresh. "On-the-fly" syntax checking information may be incorrect. [/home/andrea/Documents/Genesys2_SVD_IPbus_ToBeDeleted/Genesys2_SVD/Genesys2_SVD.srcs/sources_1/imports/sources_1/new/math_unit.vhd:]
WARNING: [filemgmt 56-199] Attempt to get parsing info during refresh. "On-the-fly" syntax checking information may be incorrect. [/home/andrea/Documents/Genesys2_SVD_IPbus_ToBeDeleted/Genesys2_SVD/Genesys2_SVD.srcs/sources_1/imports/sources_1/new/math_unit.vhd:]
WARNING: [filemgmt 56-199] Attempt to get parsing info during refresh. "On-the-fly" syntax checking information may be incorrect. [/home/andrea/Documents/Genesys2_SVD_IPbus_ToBeDeleted/Genesys2_SVD/Genesys2_SVD.srcs/sim_1/new/tb_top_svd.vhd:]
WARNING: [filemgmt 56-199] Attempt to get parsing info during refresh. "On-the-fly" syntax checking information may be incorrect. [/home/andrea/Documents/Genesys2_SVD_IPbus_ToBeDeleted/Genesys2_SVD/Genesys2_SVD.srcs/sources_1/imports/sources_1/imports/Sources/top_svd.vhd:]
WARNING: [filemgmt 56-199] Attempt to get parsing info during refresh. "On-the-fly" syntax checking information may be incorrect. [/home/andrea/Documents/Genesys2_SVD_IPbus_ToBeDeleted/Genesys2_SVD/Genesys2_SVD.srcs/sources_1/imports/sources_1/new/mat_mult_v2.vhd:]
WARNING: [filemgmt 56-199] Attempt to get parsing info during refresh. "On-the-fly" syntax checking information may be incorrect. [/home/andrea/Documents/Genesys2_SVD_IPbus_ToBeDeleted/Genesys2_SVD/Genesys2_SVD.srcs/sources_1/imports/ipbus-firmware/boards/kc705/gmii/synth/firmware/hdl/top_kc705_gmii.vhd:]
WARNING: [filemgmt 56-199] Attempt to get parsing info during refresh. "On-the-fly" syntax checking information may be incorrect. [/home/andrea/Documents/Genesys2_SVD_IPbus_ToBeDeleted/Genesys2_SVD/Genesys2_SVD.srcs/sources_1/imports/ipbus-firmware/components/ipbus_util/firmware/hdl/payload_example.vhd:]
WARNING: [filemgmt 56-199] Attempt to get parsing info during refresh. "On-the-fly" syntax checking information may be incorrect. [/home/andrea/Documents/Genesys2_SVD_IPbus_ToBeDeleted/Genesys2_SVD/Genesys2_SVD.srcs/sources_1/imports/sources_1/new/math_unit.vhd:]
WARNING: [filemgmt 56-199] Attempt to get parsing info during refresh. "On-the-fly" syntax checking information may be incorrect. [/home/andrea/Documents/Genesys2_SVD_IPbus_ToBeDeleted/Genesys2_SVD/Genesys2_SVD.srcs/sources_1/imports/sources_1/new/calc_mult_factor.vhd:]
WARNING: [filemgmt 56-199] Attempt to get parsing info during refresh. "On-the-fly" syntax checking information may be incorrect. [/home/andrea/Documents/Genesys2_SVD_IPbus_ToBeDeleted/Genesys2_SVD/Genesys2_SVD.srcs/sources_1/imports/sources_1/imports/Sources/top_svd.vhd:]
WARNING: [filemgmt 56-199] Attempt to get parsing info during refresh. "On-the-fly" syntax checking information may be incorrect. [/home/andrea/Documents/Genesys2_SVD_IPbus_ToBeDeleted/Genesys2_SVD/Genesys2_SVD.srcs/sources_1/imports/sources_1/imports/Sources/top_svd.vhd:]
INFO: [Project 1-1161] Replacing file /home/andrea/Documents/Genesys2_SVD_IPbus_ToBeDeleted/Genesys2_SVD/Genesys2_SVD.srcs/utils_1/imports/synth_1/top.dcp with file /home/andrea/Documents/Genesys2_SVD_IPbus_ToBeDeleted/Genesys2_SVD/Genesys2_SVD.runs/synth_1/top.dcp
WARNING: [filemgmt 56-199] Attempt to get parsing info during refresh. "On-the-fly" syntax checking information may be incorrect. [/home/andrea/Documents/Genesys2_SVD_IPbus_ToBeDeleted/Genesys2_SVD/Genesys2_SVD.srcs/sim_1/new/tb_top_svd.vhd:]
WARNING: [filemgmt 56-199] Attempt to get parsing info during refresh. "On-the-fly" syntax checking information may be incorrect. [/home/andrea/Documents/Genesys2_SVD_IPbus_ToBeDeleted/Genesys2_SVD/Genesys2_SVD.srcs/sources_1/imports/sources_1/imports/Sources/top_svd.vhd:]
WARNING: [filemgmt 56-199] Attempt to get parsing info during refresh. "On-the-fly" syntax checking information may be incorrect. [/home/andrea/Documents/Genesys2_SVD_IPbus_ToBeDeleted/Genesys2_SVD/Genesys2_SVD.srcs/sources_1/imports/sources_1/new/mat_mult_v2.vhd:]
WARNING: [filemgmt 56-199] Attempt to get parsing info during refresh. "On-the-fly" syntax checking information may be incorrect. [/home/andrea/Documents/Genesys2_SVD_IPbus_ToBeDeleted/Genesys2_SVD/Genesys2_SVD.srcs/sources_1/imports/ipbus-firmware/boards/kc705/gmii/synth/firmware/hdl/top_kc705_gmii.vhd:]
WARNING: [filemgmt 56-199] Attempt to get parsing info during refresh. "On-the-fly" syntax checking information may be incorrect. [/home/andrea/Documents/Genesys2_SVD_IPbus_ToBeDeleted/Genesys2_SVD/Genesys2_SVD.srcs/sources_1/imports/ipbus-firmware/components/ipbus_util/firmware/hdl/payload_example.vhd:]
WARNING: [filemgmt 56-199] Attempt to get parsing info during refresh. "On-the-fly" syntax checking information may be incorrect. [/home/andrea/Documents/Genesys2_SVD_IPbus_ToBeDeleted/Genesys2_SVD/Genesys2_SVD.srcs/sources_1/imports/sources_1/new/math_unit.vhd:]
WARNING: [filemgmt 56-199] Attempt to get parsing info during refresh. "On-the-fly" syntax checking information may be incorrect. [/home/andrea/Documents/Genesys2_SVD_IPbus_ToBeDeleted/Genesys2_SVD/Genesys2_SVD.srcs/sources_1/imports/sources_1/new/calc_mult_factor.vhd:]
WARNING: [filemgmt 56-199] Attempt to get parsing info during refresh. "On-the-fly" syntax checking information may be incorrect. [/home/andrea/Documents/Genesys2_SVD_IPbus_ToBeDeleted/Genesys2_SVD/Genesys2_SVD.srcs/sim_1/new/tb_top_svd.vhd:]
WARNING: [filemgmt 56-199] Attempt to get parsing info during refresh. "On-the-fly" syntax checking information may be incorrect. [/home/andrea/Documents/Genesys2_SVD_IPbus_ToBeDeleted/Genesys2_SVD/Genesys2_SVD.srcs/sim_1/new/tb_top_svd.vhd:]
WARNING: [filemgmt 56-199] Attempt to get parsing info during refresh. "On-the-fly" syntax checking information may be incorrect. [/home/andrea/Documents/Genesys2_SVD_IPbus_ToBeDeleted/Genesys2_SVD/Genesys2_SVD.srcs/sim_1/new/tb_top_svd.vhd:]
WARNING: [filemgmt 56-199] Attempt to get parsing info during refresh. "On-the-fly" syntax checking information may be incorrect. [/home/andrea/Documents/Genesys2_SVD_IPbus_ToBeDeleted/Genesys2_SVD/Genesys2_SVD.srcs/sources_1/imports/sources_1/imports/Sources/top_svd.vhd:]
WARNING: [filemgmt 56-199] Attempt to get parsing info during refresh. "On-the-fly" syntax checking information may be incorrect. [/home/andrea/Documents/Genesys2_SVD_IPbus_ToBeDeleted/Genesys2_SVD/Genesys2_SVD.srcs/sources_1/imports/sources_1/new/mat_mult_v2.vhd:]
WARNING: [filemgmt 56-199] Attempt to get parsing info during refresh. "On-the-fly" syntax checking information may be incorrect. [/home/andrea/Documents/Genesys2_SVD_IPbus_ToBeDeleted/Genesys2_SVD/Genesys2_SVD.srcs/sources_1/imports/ipbus-firmware/boards/kc705/gmii/synth/firmware/hdl/top_kc705_gmii.vhd:]
WARNING: [filemgmt 56-199] Attempt to get parsing info during refresh. "On-the-fly" syntax checking information may be incorrect. [/home/andrea/Documents/Genesys2_SVD_IPbus_ToBeDeleted/Genesys2_SVD/Genesys2_SVD.srcs/sources_1/imports/ipbus-firmware/components/ipbus_util/firmware/hdl/payload_example.vhd:]
WARNING: [filemgmt 56-199] Attempt to get parsing info during refresh. "On-the-fly" syntax checking information may be incorrect. [/home/andrea/Documents/Genesys2_SVD_IPbus_ToBeDeleted/Genesys2_SVD/Genesys2_SVD.srcs/sources_1/imports/sources_1/new/math_unit.vhd:]
WARNING: [filemgmt 56-199] Attempt to get parsing info during refresh. "On-the-fly" syntax checking information may be incorrect. [/home/andrea/Documents/Genesys2_SVD_IPbus_ToBeDeleted/Genesys2_SVD/Genesys2_SVD.srcs/sources_1/imports/sources_1/new/calc_mult_factor.vhd:]
WARNING: [filemgmt 56-199] Attempt to get parsing info during refresh. "On-the-fly" syntax checking information may be incorrect. [/home/andrea/Documents/Genesys2_SVD_IPbus_ToBeDeleted/Genesys2_SVD/Genesys2_SVD.srcs/sources_1/imports/ipbus-firmware/boards/kc705/gmii/synth/firmware/hdl/top_kc705_gmii.vhd:]
WARNING: [filemgmt 56-199] Attempt to get parsing info during refresh. "On-the-fly" syntax checking information may be incorrect. [/home/andrea/Documents/Genesys2_SVD_IPbus_ToBeDeleted/Genesys2_SVD/Genesys2_SVD.srcs/sources_1/imports/ipbus-firmware/boards/kc705/gmii/synth/firmware/hdl/top_kc705_gmii.vhd:]
launch_runs impl_1 -to_step write_bitstream -jobs 16
WARNING: [filemgmt 56-199] Attempt to get parsing info during refresh. "On-the-fly" syntax checking information may be incorrect. [/home/andrea/Documents/Genesys2_SVD_IPbus_ToBeDeleted/Genesys2_SVD/Genesys2_SVD.srcs/sim_1/new/tb_top_svd.vhd:]
WARNING: [filemgmt 56-199] Attempt to get parsing info during refresh. "On-the-fly" syntax checking information may be incorrect. [/home/andrea/Documents/Genesys2_SVD_IPbus_ToBeDeleted/Genesys2_SVD/Genesys2_SVD.srcs/sources_1/imports/sources_1/imports/Sources/top_svd.vhd:]
WARNING: [filemgmt 56-199] Attempt to get parsing info during refresh. "On-the-fly" syntax checking information may be incorrect. [/home/andrea/Documents/Genesys2_SVD_IPbus_ToBeDeleted/Genesys2_SVD/Genesys2_SVD.srcs/sources_1/imports/sources_1/new/mat_mult_v2.vhd:]
WARNING: [filemgmt 56-199] Attempt to get parsing info during refresh. "On-the-fly" syntax checking information may be incorrect. [/home/andrea/Documents/Genesys2_SVD_IPbus_ToBeDeleted/Genesys2_SVD/Genesys2_SVD.srcs/sources_1/imports/ipbus-firmware/boards/kc705/gmii/synth/firmware/hdl/top_kc705_gmii.vhd:]
WARNING: [filemgmt 56-199] Attempt to get parsing info during refresh. "On-the-fly" syntax checking information may be incorrect. [/home/andrea/Documents/Genesys2_SVD_IPbus_ToBeDeleted/Genesys2_SVD/Genesys2_SVD.srcs/sources_1/imports/ipbus-firmware/components/ipbus_util/firmware/hdl/payload_example.vhd:]
WARNING: [filemgmt 56-199] Attempt to get parsing info during refresh. "On-the-fly" syntax checking information may be incorrect. [/home/andrea/Documents/Genesys2_SVD_IPbus_ToBeDeleted/Genesys2_SVD/Genesys2_SVD.srcs/sources_1/imports/sources_1/new/math_unit.vhd:]
WARNING: [filemgmt 56-199] Attempt to get parsing info during refresh. "On-the-fly" syntax checking information may be incorrect. [/home/andrea/Documents/Genesys2_SVD_IPbus_ToBeDeleted/Genesys2_SVD/Genesys2_SVD.srcs/sources_1/imports/sources_1/new/calc_mult_factor.vhd:]
WARNING: [filemgmt 56-199] Attempt to get parsing info during refresh. "On-the-fly" syntax checking information may be incorrect. [/home/andrea/Documents/Genesys2_SVD_IPbus_ToBeDeleted/Genesys2_SVD/Genesys2_SVD.srcs/sources_1/imports/ipbus-firmware/components/ipbus_util/firmware/hdl/payload_example.vhd:]
WARNING: [filemgmt 56-199] Attempt to get parsing info during refresh. "On-the-fly" syntax checking information may be incorrect. [/home/andrea/Documents/Genesys2_SVD_IPbus_ToBeDeleted/Genesys2_SVD/Genesys2_SVD.srcs/sources_1/imports/ipbus-firmware/components/ipbus_util/firmware/hdl/payload_example.vhd:]
WARNING: [filemgmt 56-199] Attempt to get parsing info during refresh. "On-the-fly" syntax checking information may be incorrect. [/home/andrea/Documents/Genesys2_SVD_IPbus_ToBeDeleted/Genesys2_SVD/Genesys2_SVD.srcs/sim_1/new/tb_top_svd.vhd:]
WARNING: [filemgmt 56-199] Attempt to get parsing info during refresh. "On-the-fly" syntax checking information may be incorrect. [/home/andrea/Documents/Genesys2_SVD_IPbus_ToBeDeleted/Genesys2_SVD/Genesys2_SVD.srcs/sources_1/imports/sources_1/imports/Sources/top_svd.vhd:]
WARNING: [filemgmt 56-199] Attempt to get parsing info during refresh. "On-the-fly" syntax checking information may be incorrect. [/home/andrea/Documents/Genesys2_SVD_IPbus_ToBeDeleted/Genesys2_SVD/Genesys2_SVD.srcs/sources_1/imports/sources_1/new/mat_mult_v2.vhd:]
WARNING: [filemgmt 56-199] Attempt to get parsing info during refresh. "On-the-fly" syntax checking information may be incorrect. [/home/andrea/Documents/Genesys2_SVD_IPbus_ToBeDeleted/Genesys2_SVD/Genesys2_SVD.srcs/sources_1/imports/ipbus-firmware/boards/kc705/gmii/synth/firmware/hdl/top_kc705_gmii.vhd:]
WARNING: [filemgmt 56-199] Attempt to get parsing info during refresh. "On-the-fly" syntax checking information may be incorrect. [/home/andrea/Documents/Genesys2_SVD_IPbus_ToBeDeleted/Genesys2_SVD/Genesys2_SVD.srcs/sources_1/imports/ipbus-firmware/components/ipbus_util/firmware/hdl/payload_example.vhd:]
WARNING: [filemgmt 56-199] Attempt to get parsing info during refresh. "On-the-fly" syntax checking information may be incorrect. [/home/andrea/Documents/Genesys2_SVD_IPbus_ToBeDeleted/Genesys2_SVD/Genesys2_SVD.srcs/sources_1/imports/sources_1/new/math_unit.vhd:]
WARNING: [filemgmt 56-199] Attempt to get parsing info during refresh. "On-the-fly" syntax checking information may be incorrect. [/home/andrea/Documents/Genesys2_SVD_IPbus_ToBeDeleted/Genesys2_SVD/Genesys2_SVD.srcs/sources_1/imports/sources_1/new/calc_mult_factor.vhd:]
WARNING: [filemgmt 56-199] Attempt to get parsing info during refresh. "On-the-fly" syntax checking information may be incorrect. [/home/andrea/Documents/Genesys2_SVD_IPbus_ToBeDeleted/Genesys2_SVD/Genesys2_SVD.srcs/sources_1/imports/sources_1/new/mat_mult_v2.vhd:]
WARNING: [filemgmt 56-199] Attempt to get parsing info during refresh. "On-the-fly" syntax checking information may be incorrect. [/home/andrea/Documents/Genesys2_SVD_IPbus_ToBeDeleted/Genesys2_SVD/Genesys2_SVD.srcs/sources_1/imports/sources_1/new/mat_mult_v2.vhd:]
[Fri Dec 20 09:57:50 2024] Launched synth_1...
Run output will be captured here: /home/andrea/Documents/Genesys2_SVD_IPbus_ToBeDeleted/Genesys2_SVD/Genesys2_SVD.runs/synth_1/runme.log
[Fri Dec 20 09:57:50 2024] Launched impl_1...
Run output will be captured here: /home/andrea/Documents/Genesys2_SVD_IPbus_ToBeDeleted/Genesys2_SVD/Genesys2_SVD.runs/impl_1/runme.log
WARNING: [filemgmt 56-199] Attempt to get parsing info during refresh. "On-the-fly" syntax checking information may be incorrect. [/home/andrea/Documents/Genesys2_SVD_IPbus_ToBeDeleted/Genesys2_SVD/Genesys2_SVD.srcs/sim_1/new/tb_top_svd.vhd:]
WARNING: [filemgmt 56-199] Attempt to get parsing info during refresh. "On-the-fly" syntax checking information may be incorrect. [/home/andrea/Documents/Genesys2_SVD_IPbus_ToBeDeleted/Genesys2_SVD/Genesys2_SVD.srcs/sources_1/imports/sources_1/imports/Sources/top_svd.vhd:]
WARNING: [filemgmt 56-199] Attempt to get parsing info during refresh. "On-the-fly" syntax checking information may be incorrect. [/home/andrea/Documents/Genesys2_SVD_IPbus_ToBeDeleted/Genesys2_SVD/Genesys2_SVD.srcs/sources_1/imports/sources_1/new/mat_mult_v2.vhd:]
WARNING: [filemgmt 56-199] Attempt to get parsing info during refresh. "On-the-fly" syntax checking information may be incorrect. [/home/andrea/Documents/Genesys2_SVD_IPbus_ToBeDeleted/Genesys2_SVD/Genesys2_SVD.srcs/sources_1/imports/ipbus-firmware/boards/kc705/gmii/synth/firmware/hdl/top_kc705_gmii.vhd:]
WARNING: [filemgmt 56-199] Attempt to get parsing info during refresh. "On-the-fly" syntax checking information may be incorrect. [/home/andrea/Documents/Genesys2_SVD_IPbus_ToBeDeleted/Genesys2_SVD/Genesys2_SVD.srcs/sources_1/imports/ipbus-firmware/components/ipbus_util/firmware/hdl/payload_example.vhd:]
WARNING: [filemgmt 56-199] Attempt to get parsing info during refresh. "On-the-fly" syntax checking information may be incorrect. [/home/andrea/Documents/Genesys2_SVD_IPbus_ToBeDeleted/Genesys2_SVD/Genesys2_SVD.srcs/sources_1/imports/sources_1/new/math_unit.vhd:]
WARNING: [filemgmt 56-199] Attempt to get parsing info during refresh. "On-the-fly" syntax checking information may be incorrect. [/home/andrea/Documents/Genesys2_SVD_IPbus_ToBeDeleted/Genesys2_SVD/Genesys2_SVD.srcs/sources_1/imports/sources_1/new/calc_mult_factor.vhd:]
WARNING: [filemgmt 56-199] Attempt to get parsing info during refresh. "On-the-fly" syntax checking information may be incorrect. [/home/andrea/Documents/Genesys2_SVD_IPbus_ToBeDeleted/Genesys2_SVD/Genesys2_SVD.srcs/sources_1/imports/sources_1/new/calc_mult_factor.vhd:]
WARNING: [filemgmt 56-199] Attempt to get parsing info during refresh. "On-the-fly" syntax checking information may be incorrect. [/home/andrea/Documents/Genesys2_SVD_IPbus_ToBeDeleted/Genesys2_SVD/Genesys2_SVD.srcs/sources_1/imports/sources_1/new/calc_mult_factor.vhd:]
WARNING: [filemgmt 56-199] Attempt to get parsing info during refresh. "On-the-fly" syntax checking information may be incorrect. [/home/andrea/Documents/Genesys2_SVD_IPbus_ToBeDeleted/Genesys2_SVD/Genesys2_SVD.srcs/sim_1/new/tb_top_svd.vhd:]
WARNING: [filemgmt 56-199] Attempt to get parsing info during refresh. "On-the-fly" syntax checking information may be incorrect. [/home/andrea/Documents/Genesys2_SVD_IPbus_ToBeDeleted/Genesys2_SVD/Genesys2_SVD.srcs/sources_1/imports/sources_1/imports/Sources/top_svd.vhd:]
WARNING: [filemgmt 56-199] Attempt to get parsing info during refresh. "On-the-fly" syntax checking information may be incorrect. [/home/andrea/Documents/Genesys2_SVD_IPbus_ToBeDeleted/Genesys2_SVD/Genesys2_SVD.srcs/sources_1/imports/sources_1/new/mat_mult_v2.vhd:]
WARNING: [filemgmt 56-199] Attempt to get parsing info during refresh. "On-the-fly" syntax checking information may be incorrect. [/home/andrea/Documents/Genesys2_SVD_IPbus_ToBeDeleted/Genesys2_SVD/Genesys2_SVD.srcs/sources_1/imports/ipbus-firmware/boards/kc705/gmii/synth/firmware/hdl/top_kc705_gmii.vhd:]
WARNING: [filemgmt 56-199] Attempt to get parsing info during refresh. "On-the-fly" syntax checking information may be incorrect. [/home/andrea/Documents/Genesys2_SVD_IPbus_ToBeDeleted/Genesys2_SVD/Genesys2_SVD.srcs/sources_1/imports/ipbus-firmware/components/ipbus_util/firmware/hdl/payload_example.vhd:]
WARNING: [filemgmt 56-199] Attempt to get parsing info during refresh. "On-the-fly" syntax checking information may be incorrect. [/home/andrea/Documents/Genesys2_SVD_IPbus_ToBeDeleted/Genesys2_SVD/Genesys2_SVD.srcs/sources_1/imports/sources_1/new/math_unit.vhd:]
WARNING: [filemgmt 56-199] Attempt to get parsing info during refresh. "On-the-fly" syntax checking information may be incorrect. [/home/andrea/Documents/Genesys2_SVD_IPbus_ToBeDeleted/Genesys2_SVD/Genesys2_SVD.srcs/sources_1/imports/sources_1/new/calc_mult_factor.vhd:]
WARNING: [filemgmt 56-199] Attempt to get parsing info during refresh. "On-the-fly" syntax checking information may be incorrect. [/home/andrea/Documents/Genesys2_SVD_IPbus_ToBeDeleted/Genesys2_SVD/Genesys2_SVD.srcs/sources_1/imports/sources_1/imports/Sources/top_svd.vhd:]
WARNING: [filemgmt 56-199] Attempt to get parsing info during refresh. "On-the-fly" syntax checking information may be incorrect. [/home/andrea/Documents/Genesys2_SVD_IPbus_ToBeDeleted/Genesys2_SVD/Genesys2_SVD.srcs/sources_1/imports/sources_1/imports/Sources/top_svd.vhd:]
WARNING: [filemgmt 56-199] Attempt to get parsing info during refresh. "On-the-fly" syntax checking information may be incorrect. [/home/andrea/Documents/Genesys2_SVD_IPbus_ToBeDeleted/Genesys2_SVD/Genesys2_SVD.srcs/sim_1/new/tb_top_svd.vhd:]
WARNING: [filemgmt 56-199] Attempt to get parsing info during refresh. "On-the-fly" syntax checking information may be incorrect. [/home/andrea/Documents/Genesys2_SVD_IPbus_ToBeDeleted/Genesys2_SVD/Genesys2_SVD.srcs/sources_1/imports/sources_1/imports/Sources/top_svd.vhd:]
WARNING: [filemgmt 56-199] Attempt to get parsing info during refresh. "On-the-fly" syntax checking information may be incorrect. [/home/andrea/Documents/Genesys2_SVD_IPbus_ToBeDeleted/Genesys2_SVD/Genesys2_SVD.srcs/sources_1/imports/sources_1/new/mat_mult_v2.vhd:]
WARNING: [filemgmt 56-199] Attempt to get parsing info during refresh. "On-the-fly" syntax checking information may be incorrect. [/home/andrea/Documents/Genesys2_SVD_IPbus_ToBeDeleted/Genesys2_SVD/Genesys2_SVD.srcs/sources_1/imports/ipbus-firmware/boards/kc705/gmii/synth/firmware/hdl/top_kc705_gmii.vhd:]
WARNING: [filemgmt 56-199] Attempt to get parsing info during refresh. "On-the-fly" syntax checking information may be incorrect. [/home/andrea/Documents/Genesys2_SVD_IPbus_ToBeDeleted/Genesys2_SVD/Genesys2_SVD.srcs/sources_1/imports/ipbus-firmware/components/ipbus_util/firmware/hdl/payload_example.vhd:]
WARNING: [filemgmt 56-199] Attempt to get parsing info during refresh. "On-the-fly" syntax checking information may be incorrect. [/home/andrea/Documents/Genesys2_SVD_IPbus_ToBeDeleted/Genesys2_SVD/Genesys2_SVD.srcs/sources_1/imports/sources_1/new/math_unit.vhd:]
WARNING: [filemgmt 56-199] Attempt to get parsing info during refresh. "On-the-fly" syntax checking information may be incorrect. [/home/andrea/Documents/Genesys2_SVD_IPbus_ToBeDeleted/Genesys2_SVD/Genesys2_SVD.srcs/sources_1/imports/sources_1/new/calc_mult_factor.vhd:]
WARNING: [filemgmt 56-199] Attempt to get parsing info during refresh. "On-the-fly" syntax checking information may be incorrect. [/home/andrea/Documents/Genesys2_SVD_IPbus_ToBeDeleted/Genesys2_SVD/Genesys2_SVD.srcs/sources_1/imports/sources_1/new/math_unit.vhd:]
WARNING: [filemgmt 56-199] Attempt to get parsing info during refresh. "On-the-fly" syntax checking information may be incorrect. [/home/andrea/Documents/Genesys2_SVD_IPbus_ToBeDeleted/Genesys2_SVD/Genesys2_SVD.srcs/sources_1/imports/sources_1/new/math_unit.vhd:]
WARNING: [filemgmt 56-199] Attempt to get parsing info during refresh. "On-the-fly" syntax checking information may be incorrect. [/home/andrea/Documents/Genesys2_SVD_IPbus_ToBeDeleted/Genesys2_SVD/Genesys2_SVD.srcs/sim_1/new/tb_top_svd.vhd:]
WARNING: [filemgmt 56-199] Attempt to get parsing info during refresh. "On-the-fly" syntax checking information may be incorrect. [/home/andrea/Documents/Genesys2_SVD_IPbus_ToBeDeleted/Genesys2_SVD/Genesys2_SVD.srcs/sources_1/imports/sources_1/imports/Sources/top_svd.vhd:]
WARNING: [filemgmt 56-199] Attempt to get parsing info during refresh. "On-the-fly" syntax checking information may be incorrect. [/home/andrea/Documents/Genesys2_SVD_IPbus_ToBeDeleted/Genesys2_SVD/Genesys2_SVD.srcs/sources_1/imports/sources_1/new/mat_mult_v2.vhd:]
WARNING: [filemgmt 56-199] Attempt to get parsing info during refresh. "On-the-fly" syntax checking information may be incorrect. [/home/andrea/Documents/Genesys2_SVD_IPbus_ToBeDeleted/Genesys2_SVD/Genesys2_SVD.srcs/sources_1/imports/ipbus-firmware/boards/kc705/gmii/synth/firmware/hdl/top_kc705_gmii.vhd:]
WARNING: [filemgmt 56-199] Attempt to get parsing info during refresh. "On-the-fly" syntax checking information may be incorrect. [/home/andrea/Documents/Genesys2_SVD_IPbus_ToBeDeleted/Genesys2_SVD/Genesys2_SVD.srcs/sources_1/imports/ipbus-firmware/components/ipbus_util/firmware/hdl/payload_example.vhd:]
WARNING: [filemgmt 56-199] Attempt to get parsing info during refresh. "On-the-fly" syntax checking information may be incorrect. [/home/andrea/Documents/Genesys2_SVD_IPbus_ToBeDeleted/Genesys2_SVD/Genesys2_SVD.srcs/sources_1/imports/sources_1/new/math_unit.vhd:]
WARNING: [filemgmt 56-199] Attempt to get parsing info during refresh. "On-the-fly" syntax checking information may be incorrect. [/home/andrea/Documents/Genesys2_SVD_IPbus_ToBeDeleted/Genesys2_SVD/Genesys2_SVD.srcs/sources_1/imports/sources_1/new/calc_mult_factor.vhd:]
WARNING: [filemgmt 56-199] Attempt to get parsing info during refresh. "On-the-fly" syntax checking information may be incorrect. [/home/andrea/Documents/Genesys2_SVD_IPbus_ToBeDeleted/Genesys2_SVD/Genesys2_SVD.srcs/sim_1/new/tb_top_svd.vhd:]
WARNING: [filemgmt 56-199] Attempt to get parsing info during refresh. "On-the-fly" syntax checking information may be incorrect. [/home/andrea/Documents/Genesys2_SVD_IPbus_ToBeDeleted/Genesys2_SVD/Genesys2_SVD.srcs/sim_1/new/tb_top_svd.vhd:]
WARNING: [filemgmt 56-199] Attempt to get parsing info during refresh. "On-the-fly" syntax checking information may be incorrect. [/home/andrea/Documents/Genesys2_SVD_IPbus_ToBeDeleted/Genesys2_SVD/Genesys2_SVD.srcs/sim_1/new/tb_top_svd.vhd:]
INFO: [Common 17-14] Message 'filemgmt 56-199' appears 100 times and further instances of the messages will be disabled. Use the Tcl command set_msg_config to change the current settings.
refresh_hw_device [lindex [get_hw_devices xc7k325t_0] 0]
INFO: [Labtools 27-1434] Device xc7k325t (JTAG device index = 0) is programmed with a design that has no supported debug core(s) in it.
set_property PROBES.FILE {} [get_hw_devices xc7k325t_0]
set_property FULL_PROBES.FILE {} [get_hw_devices xc7k325t_0]
set_property PROGRAM.FILE {/home/andrea/Documents/Genesys2_SVD_IPbus_ToBeDeleted/Genesys2_SVD/Genesys2_SVD.runs/impl_1/top.bit} [get_hw_devices xc7k325t_0]
program_hw_devices [get_hw_devices xc7k325t_0]
INFO: [Labtools 27-3164] End of startup status: HIGH
refresh_hw_device [lindex [get_hw_devices xc7k325t_0] 0]
INFO: [Labtools 27-1434] Device xc7k325t (JTAG device index = 0) is programmed with a design that has no supported debug core(s) in it.
ERROR: [Labtoolstcl 44-513] HW Target shutdown. Closing target: localhost:3121/xilinx_tcf/Digilent/200300B18D8FB
close_project
open_project /home/andrea/Documents/uhal_software/FPGA_comm_with_ASIC/2023-firmware-fpga-comm/new_firmware/genesys2_AM_28nm/genesys2_AM_28nm.xpr
Scanning sources...
Finished scanning sources
INFO: [IP_Flow 19-234] Refreshing IP repositories
INFO: [IP_Flow 19-1704] No user IP repositories specified
INFO: [IP_Flow 19-2313] Loaded Vivado IP repository '/home/admin/Xilinx/Vivado/2024.1/data/ip'.
WARNING: [IP_Flow 19-11772] Failed to register IP shared directory path '/home/andrea/Documents/uhal_software/FPGA_comm_with_ASIC/2023-firmware-fpga-comm/new_firmware/genesys2_AM_28nm/kc705_gmii.gen/sources_1/ip/mac_fifo_axi4/' for IP 'mac_fifo_axi4'.
WARNING: [IP_Flow 19-11772] Failed to register IP shared directory path '/home/andrea/Documents/uhal_software/FPGA_comm_with_ASIC/2023-firmware-fpga-comm/new_firmware/genesys2_AM_28nm/genesys2.gen/sources_1/ip/temac_gbe_v9_0_rgmii/' for IP 'temac_gbe_v9_0_rgmii'.
WARNING: [IP_Flow 19-2162] IP 'temac_gbe_v9_0_rgmii' is locked:
* IP definition 'Tri Mode Ethernet MAC (9.0)' for IP 'temac_gbe_v9_0_rgmii' (customized with software release 2024.1) has a different revision in the IP Catalog.
reset_run synth_1
INFO: [Project 1-1161] Replacing file /home/andrea/Documents/uhal_software/FPGA_comm_with_ASIC/2023-firmware-fpga-comm/new_firmware/genesys2_AM_28nm/genesys2_AM_28nm.srcs/utils_1/imports/synth_1/top.dcp with file /home/andrea/Documents/uhal_software/FPGA_comm_with_ASIC/2023-firmware-fpga-comm/new_firmware/genesys2_AM_28nm/genesys2_AM_28nm.runs/synth_1/top.dcp
launch_runs impl_1 -to_step write_bitstream -jobs 16
[Fri Jan 17 11:43:35 2025] Launched synth_1...
Run output will be captured here: /home/andrea/Documents/uhal_software/FPGA_comm_with_ASIC/2023-firmware-fpga-comm/new_firmware/genesys2_AM_28nm/genesys2_AM_28nm.runs/synth_1/runme.log
[Fri Jan 17 11:43:35 2025] Launched impl_1...
Run output will be captured here: /home/andrea/Documents/uhal_software/FPGA_comm_with_ASIC/2023-firmware-fpga-comm/new_firmware/genesys2_AM_28nm/genesys2_AM_28nm.runs/impl_1/runme.log
open_hw_manager
connect_hw_server -allow_non_jtag
INFO: [Labtools 27-2285] Connecting to hw_server url TCP:localhost:3121
INFO: [Labtools 27-3415] Connecting to cs_server url TCP:localhost:0
INFO: [Labtools 27-3417] Launching cs_server...
INFO: [Labtools 27-2221] Launch Output:


******** Xilinx cs_server v2024.1.0
  ****** Build date   : Apr 27 2024-11:40:49
    **** Build number : 2024.1.1714182049
      ** Copyright 2017-2022 Xilinx, Inc. All Rights Reserved.
      ** Copyright 2022-2025 Advanced Micro Devices, Inc. All Rights Reserved.



open_hw_target
INFO: [Labtoolstcl 44-466] Opening hw_target localhost:3121/xilinx_tcf/Digilent/200300B18D8FB
set_property PROGRAM.FILE {/home/andrea/Documents/uhal_software/FPGA_comm_with_ASIC/2023-firmware-fpga-comm/new_firmware/genesys2_AM_28nm/genesys2_AM_28nm.runs/impl_1/top.bit} [get_hw_devices xc7k325t_0]
set_property PROBES.FILE {/home/andrea/Documents/uhal_software/FPGA_comm_with_ASIC/2023-firmware-fpga-comm/new_firmware/genesys2_AM_28nm/genesys2_AM_28nm.runs/impl_1/top.ltx} [get_hw_devices xc7k325t_0]
set_property FULL_PROBES.FILE {/home/andrea/Documents/uhal_software/FPGA_comm_with_ASIC/2023-firmware-fpga-comm/new_firmware/genesys2_AM_28nm/genesys2_AM_28nm.runs/impl_1/top.ltx} [get_hw_devices xc7k325t_0]
current_hw_device [get_hw_devices xc7k325t_0]
refresh_hw_device [lindex [get_hw_devices xc7k325t_0] 0]
INFO: [Labtools 27-1434] Device xc7k325t (JTAG device index = 0) is programmed with a design that has no supported debug core(s) in it.
WARNING: [Labtools 27-3361] The debug hub core was not detected.
Resolution: 
1. Make sure the clock connected to the debug hub (dbg_hub) core is a free running clock and is active.
2. Make sure the BSCAN_SWITCH_USER_MASK device property in Vivado Hardware Manager reflects the user scan chain setting in the design and refresh the device.  To determine the user scan chain setting in the design, open the implemented design and use 'get_property C_USER_SCAN_CHAIN [get_debug_cores dbg_hub]'.
For more details on setting the scan chain property, consult the Vivado Debug and Programming User Guide (UG908).
WARNING: [Labtools 27-3413] Dropping logic core with cellname:'u_ila_0' at location 'uuid_23E7D65A79BC59F7BC47406C1714DFAE' from probes file, since it cannot be found on the programmed device.
set_property PROBES.FILE {/home/andrea/Documents/uhal_software/FPGA_comm_with_ASIC/2023-firmware-fpga-comm/new_firmware/genesys2_AM_28nm/genesys2_AM_28nm.runs/impl_1/top.ltx} [get_hw_devices xc7k325t_0]
set_property FULL_PROBES.FILE {/home/andrea/Documents/uhal_software/FPGA_comm_with_ASIC/2023-firmware-fpga-comm/new_firmware/genesys2_AM_28nm/genesys2_AM_28nm.runs/impl_1/top.ltx} [get_hw_devices xc7k325t_0]
set_property PROGRAM.FILE {/home/andrea/Documents/uhal_software/FPGA_comm_with_ASIC/2023-firmware-fpga-comm/new_firmware/genesys2_AM_28nm/genesys2_AM_28nm.runs/impl_1/top.bit} [get_hw_devices xc7k325t_0]
program_hw_devices [get_hw_devices xc7k325t_0]
INFO: [Labtools 27-3164] End of startup status: HIGH
refresh_hw_device [lindex [get_hw_devices xc7k325t_0] 0]
INFO: [Labtools 27-2302] Device xc7k325t (JTAG device index = 0) is programmed with a design that has 1 ILA core(s).
display_hw_ila_data [ get_hw_ila_data hw_ila_data_1 -of_objects [get_hw_ilas -of_objects [get_hw_devices xc7k325t_0] -filter {CELL_NAME=~"u_ila_0"}]]
ERROR: [Labtoolstcl 44-513] HW Target shutdown. Closing target: localhost:3121/xilinx_tcf/Digilent/200300B18D8FB
close_hw_manager
close_project
open_project /home/andrea/Documents/Genesys2_SVD_IPbus_ToBeDeleted/Genesys2_SVD/Genesys2_SVD.xpr
Scanning sources...
Finished scanning sources
INFO: [IP_Flow 19-234] Refreshing IP repositories
INFO: [IP_Flow 19-1704] No user IP repositories specified
INFO: [IP_Flow 19-2313] Loaded Vivado IP repository '/home/admin/Xilinx/Vivado/2024.1/data/ip'.
WARNING: [IP_Flow 19-11772] Failed to register IP shared directory path '/home/andrea/Documents/Genesys2_SVD_IPbus_ToBeDeleted/Genesys2_SVD/kc705_gmii.gen/sources_1/ip/mac_fifo_axi4/' for IP 'mac_fifo_axi4'.
WARNING: [IP_Flow 19-11772] Failed to register IP shared directory path '/home/andrea/Documents/Genesys2_SVD_IPbus_ToBeDeleted/Genesys2_SVD/genesys2.gen/sources_1/ip/temac_gbe_v9_0_rgmii/' for IP 'temac_gbe_v9_0_rgmii'.
WARNING: [IP_Flow 19-2162] IP 'temac_gbe_v9_0_rgmii' is locked:
* IP definition 'Tri Mode Ethernet MAC (9.0)' for IP 'temac_gbe_v9_0_rgmii' (customized with software release 2024.1) has a different revision in the IP Catalog.
open_run impl_1
Netlist sorting complete. Time (s): cpu = 00:00:00.46 ; elapsed = 00:00:00.44 . Memory (MB): peak = 11504.773 ; gain = 0.000 ; free physical = 13896 ; free virtual = 89702
INFO: [Netlist 29-17] Analyzing 21032 Unisim elements for replacement
INFO: [Netlist 29-28] Unisim Transformation completed in 0 CPU seconds
INFO: [Project 1-479] Netlist was created with Vivado 2024.1.1
INFO: [Project 1-570] Preparing netlist for logic optimization
Read ShapeDB Complete: Time (s): cpu = 00:00:00.15 ; elapsed = 00:00:00.15 . Memory (MB): peak = 11504.773 ; gain = 0.000 ; free physical = 13886 ; free virtual = 89703
INFO: [Timing 38-478] Restoring timing data from binary archive.
INFO: [Timing 38-479] Binary timing data restore complete.
INFO: [Project 1-856] Restoring constraints from binary archive.
INFO: [Project 1-853] Binary constraint restore complete.
INFO: [Designutils 20-5722] Start Reading Physical Databases.
Reading placement.
Read Netlist Cache: Time (s): cpu = 00:00:00.08 ; elapsed = 00:00:00.08 . Memory (MB): peak = 11504.773 ; gain = 0.000 ; free physical = 13816 ; free virtual = 89664
Reading placer database...
Read Device Cache: Time (s): cpu = 00:00:00.01 ; elapsed = 00:00:00.01 . Memory (MB): peak = 11504.773 ; gain = 0.000 ; free physical = 13816 ; free virtual = 89664
Read PlaceDB: Time (s): cpu = 00:00:07 ; elapsed = 00:00:06 . Memory (MB): peak = 11504.773 ; gain = 0.000 ; free physical = 13807 ; free virtual = 89660
Read PulsedLatchDB: Time (s): cpu = 00:00:00 ; elapsed = 00:00:00.01 . Memory (MB): peak = 11504.773 ; gain = 0.000 ; free physical = 13807 ; free virtual = 89660
Reading routing.
Read RouteStorage: Time (s): cpu = 00:00:02 ; elapsed = 00:00:00.8 . Memory (MB): peak = 11504.773 ; gain = 0.000 ; free physical = 13798 ; free virtual = 89660
Read Physdb Files: Time (s): cpu = 00:00:09 ; elapsed = 00:00:07 . Memory (MB): peak = 11504.773 ; gain = 0.000 ; free physical = 13798 ; free virtual = 89660
Restored from archive | CPU: 9.070000 secs | Memory: 182.953110 MB |
Finished XDEF File Restore: Time (s): cpu = 00:00:09 ; elapsed = 00:00:07 . Memory (MB): peak = 11504.773 ; gain = 0.000 ; free physical = 13798 ; free virtual = 89660
Netlist sorting complete. Time (s): cpu = 00:00:00.01 ; elapsed = 00:00:00.01 . Memory (MB): peak = 11504.773 ; gain = 0.000 ; free physical = 13798 ; free virtual = 89660
INFO: [Project 1-111] Unisim Transformation Summary:
  A total of 10 instances were transformed.
  RAM32M => RAM32M (RAMD32(x6), RAMS32(x2)): 2 instances
  RAM64X1D => RAM64X1D (RAMD64E(x2)): 8 instances

open_run: Time (s): cpu = 00:00:39 ; elapsed = 00:00:27 . Memory (MB): peak = 11504.773 ; gain = 0.000 ; free physical = 13713 ; free virtual = 89586
WARNING: [Timing 38-436] There are set_bus_skew constraint(s) in this design. Please run report_bus_skew to ensure that bus skew requirements are met.
open_run synth_1 -name synth_1
Design is defaulting to impl run constrset: constrs_1
Design is defaulting to synth run part: xc7k325tffg900-2
INFO: [Project 1-454] Reading design checkpoint '/home/andrea/Documents/Genesys2_SVD_IPbus_ToBeDeleted/Genesys2_SVD/Genesys2_SVD.gen/sources_1/ip/temac_gbe_v9_0_rgmii/temac_gbe_v9_0_rgmii.dcp' for cell 'infra/eth/emac0'
INFO: [Project 1-454] Reading design checkpoint '/home/andrea/Documents/Genesys2_SVD_IPbus_ToBeDeleted/Genesys2_SVD/Genesys2_SVD.gen/sources_1/ip/mac_fifo_axi4/mac_fifo_axi4.dcp' for cell 'infra/eth/fifo'
Netlist sorting complete. Time (s): cpu = 00:00:00.43 ; elapsed = 00:00:00.4 . Memory (MB): peak = 11609.867 ; gain = 0.000 ; free physical = 13164 ; free virtual = 89048
INFO: [Netlist 29-17] Analyzing 21040 Unisim elements for replacement
INFO: [Netlist 29-28] Unisim Transformation completed in 0 CPU seconds
INFO: [Project 1-479] Netlist was created with Vivado 2024.1
INFO: [Project 1-570] Preparing netlist for logic optimization
Parsing XDC File [/home/andrea/Documents/Genesys2_SVD_IPbus_ToBeDeleted/Genesys2_SVD/Genesys2_SVD.gen/sources_1/ip/mac_fifo_axi4/mac_fifo_axi4.xdc] for cell 'infra/eth/fifo/U0'
Finished Parsing XDC File [/home/andrea/Documents/Genesys2_SVD_IPbus_ToBeDeleted/Genesys2_SVD/Genesys2_SVD.gen/sources_1/ip/mac_fifo_axi4/mac_fifo_axi4.xdc] for cell 'infra/eth/fifo/U0'
Parsing XDC File [/home/andrea/Documents/Genesys2_SVD_IPbus_ToBeDeleted/Genesys2_SVD/Genesys2_SVD.gen/sources_1/ip/temac_gbe_v9_0_rgmii/synth/temac_gbe_v9_0_rgmii_board.xdc] for cell 'infra/eth/emac0/U0'
Finished Parsing XDC File [/home/andrea/Documents/Genesys2_SVD_IPbus_ToBeDeleted/Genesys2_SVD/Genesys2_SVD.gen/sources_1/ip/temac_gbe_v9_0_rgmii/synth/temac_gbe_v9_0_rgmii_board.xdc] for cell 'infra/eth/emac0/U0'
Parsing XDC File [/home/andrea/Documents/Genesys2_SVD_IPbus_ToBeDeleted/Genesys2_SVD/Genesys2_SVD.gen/sources_1/ip/temac_gbe_v9_0_rgmii/synth/temac_gbe_v9_0_rgmii.xdc] for cell 'infra/eth/emac0/U0'
Finished Parsing XDC File [/home/andrea/Documents/Genesys2_SVD_IPbus_ToBeDeleted/Genesys2_SVD/Genesys2_SVD.gen/sources_1/ip/temac_gbe_v9_0_rgmii/synth/temac_gbe_v9_0_rgmii.xdc] for cell 'infra/eth/emac0/U0'
Sourcing Tcl File [/home/andrea/Documents/Genesys2_SVD_IPbus_ToBeDeleted/Genesys2_SVD/Genesys2_SVD.srcs/constrs_1/imports/ipbus-firmware/components/ipbus_util/firmware/ucf/clock_utils.tcl]
Finished Sourcing Tcl File [/home/andrea/Documents/Genesys2_SVD_IPbus_ToBeDeleted/Genesys2_SVD/Genesys2_SVD.srcs/constrs_1/imports/ipbus-firmware/components/ipbus_util/firmware/ucf/clock_utils.tcl]
Sourcing Tcl File [/home/andrea/Documents/Genesys2_SVD_IPbus_ToBeDeleted/Genesys2_SVD/Genesys2_SVD.srcs/constrs_1/imports/ipbus-firmware/boards/kc705/gmii/synth/firmware/ucf/kc705_gmii.tcl]
INFO: [Timing 38-35] Done setting XDC timing constraints. [/home/andrea/Documents/Genesys2_SVD_IPbus_ToBeDeleted/Genesys2_SVD/Genesys2_SVD.srcs/constrs_1/imports/ipbus-firmware/boards/kc705/gmii/synth/firmware/ucf/kc705_gmii.tcl:150]
INFO: [Timing 38-2] Deriving generated clocks [/home/andrea/Documents/Genesys2_SVD_IPbus_ToBeDeleted/Genesys2_SVD/Genesys2_SVD.srcs/constrs_1/imports/ipbus-firmware/boards/kc705/gmii/synth/firmware/ucf/kc705_gmii.tcl:150]
Finished Sourcing Tcl File [/home/andrea/Documents/Genesys2_SVD_IPbus_ToBeDeleted/Genesys2_SVD/Genesys2_SVD.srcs/constrs_1/imports/ipbus-firmware/boards/kc705/gmii/synth/firmware/ucf/kc705_gmii.tcl]
Parsing XDC File [/home/andrea/Documents/Genesys2_SVD_IPbus_ToBeDeleted/Genesys2_SVD/Genesys2_SVD.gen/sources_1/ip/mac_fifo_axi4/mac_fifo_axi4_clocks.xdc] for cell 'infra/eth/fifo/U0'
Finished Parsing XDC File [/home/andrea/Documents/Genesys2_SVD_IPbus_ToBeDeleted/Genesys2_SVD/Genesys2_SVD.gen/sources_1/ip/mac_fifo_axi4/mac_fifo_axi4_clocks.xdc] for cell 'infra/eth/fifo/U0'
Parsing XDC File [/home/andrea/Documents/Genesys2_SVD_IPbus_ToBeDeleted/Genesys2_SVD/Genesys2_SVD.gen/sources_1/ip/temac_gbe_v9_0_rgmii/synth/temac_gbe_v9_0_rgmii_clocks.xdc] for cell 'infra/eth/emac0/U0'
INFO: [Vivado 12-3272] Current instance is the top level cell 'infra/eth/emac0/U0' of design 'synth_1' [/home/andrea/Documents/Genesys2_SVD_IPbus_ToBeDeleted/Genesys2_SVD/Genesys2_SVD.gen/sources_1/ip/temac_gbe_v9_0_rgmii/synth/temac_gbe_v9_0_rgmii_clocks.xdc:29]
INFO: [Constraints 18-483] create_clock: no pin(s)/port(s)/net(s) specified as objects, only virtual clock 'infra/eth/emac0/U0_rgmii_rx_clk' will be created. If you don't want this, please specify pin(s)/ports(s)/net(s) as objects to the command. [/home/andrea/Documents/Genesys2_SVD_IPbus_ToBeDeleted/Genesys2_SVD/Genesys2_SVD.gen/sources_1/ip/temac_gbe_v9_0_rgmii/synth/temac_gbe_v9_0_rgmii_clocks.xdc:29]
INFO: [Vivado 12-3272] Current instance is the top level cell 'infra/eth/emac0/U0' of design 'synth_1' [/home/andrea/Documents/Genesys2_SVD_IPbus_ToBeDeleted/Genesys2_SVD/Genesys2_SVD.gen/sources_1/ip/temac_gbe_v9_0_rgmii/synth/temac_gbe_v9_0_rgmii_clocks.xdc:30]
INFO: [Vivado 12-3272] Current instance is the top level cell 'infra/eth/emac0/U0' of design 'synth_1' [/home/andrea/Documents/Genesys2_SVD_IPbus_ToBeDeleted/Genesys2_SVD/Genesys2_SVD.gen/sources_1/ip/temac_gbe_v9_0_rgmii/synth/temac_gbe_v9_0_rgmii_clocks.xdc:53]
INFO: [Vivado 12-3272] Current instance is the top level cell 'infra/eth/emac0/U0' of design 'synth_1' [/home/andrea/Documents/Genesys2_SVD_IPbus_ToBeDeleted/Genesys2_SVD/Genesys2_SVD.gen/sources_1/ip/temac_gbe_v9_0_rgmii/synth/temac_gbe_v9_0_rgmii_clocks.xdc:54]
Finished Parsing XDC File [/home/andrea/Documents/Genesys2_SVD_IPbus_ToBeDeleted/Genesys2_SVD/Genesys2_SVD.gen/sources_1/ip/temac_gbe_v9_0_rgmii/synth/temac_gbe_v9_0_rgmii_clocks.xdc] for cell 'infra/eth/emac0/U0'
INFO: [Project 1-1714] 6 XPM XDC files have been applied to the design.
INFO: [Opt 31-138] Pushed 0 inverter(s) to 0 load pin(s).
INFO: [Project 1-1687] 28 scoped IP constraints or related sub-commands were skipped due to synthesis logic optimizations usually triggered by constant connectivity or unconnected output pins. To review the skipped constraints and messages, run the command 'set_param netlist.IPMsgFiltering false' before opening the design.
Netlist sorting complete. Time (s): cpu = 00:00:00.01 ; elapsed = 00:00:00.01 . Memory (MB): peak = 11913.523 ; gain = 0.000 ; free physical = 12943 ; free virtual = 88827
INFO: [Project 1-111] Unisim Transformation Summary:
  A total of 10 instances were transformed.
  RAM32M => RAM32M (RAMD32(x6), RAMS32(x2)): 2 instances
  RAM64X1D => RAM64X1D (RAMD64E(x2)): 8 instances

open_run: Time (s): cpu = 00:00:36 ; elapsed = 00:00:18 . Memory (MB): peak = 12206.570 ; gain = 596.703 ; free physical = 12873 ; free virtual = 88766
report_timing_summary -delay_type min_max -report_unconstrained -check_timing_verbose -max_paths 10 -input_pins -routable_nets -name timing_1
INFO: [Constraints 18-483] create_clock: no pin(s)/port(s)/net(s) specified as objects, only virtual clock 'infra/eth/emac0/U0_rgmii_rx_clk' will be created. If you don't want this, please specify pin(s)/ports(s)/net(s) as objects to the command. [/home/andrea/Documents/Genesys2_SVD_IPbus_ToBeDeleted/Genesys2_SVD/Genesys2_SVD.gen/sources_1/ip/temac_gbe_v9_0_rgmii/synth/temac_gbe_v9_0_rgmii_clocks.xdc:29]
INFO: [Timing 38-35] Done setting XDC timing constraints.
INFO: [Timing 38-91] UpdateTimingParams: Speed grade: -2, Delay Type: min_max.
INFO: [Timing 38-191] Multithreading enabled for timing update using a maximum of 8 CPUs
WARNING: [Timing 38-436] There are set_bus_skew constraint(s) in this design. Please run report_bus_skew to ensure that bus skew requirements are met.
report_timing_summary: Time (s): cpu = 00:01:03 ; elapsed = 00:00:16 . Memory (MB): peak = 12276.281 ; gain = 69.711 ; free physical = 12288 ; free virtual = 88178
report_timing_summary -delay_type min_max -report_unconstrained -check_timing_verbose -max_paths 10 -input_pins -routable_nets -name timing_2
INFO: [Timing 38-91] UpdateTimingParams: Speed grade: -2, Delay Type: min_max.
INFO: [Timing 38-191] Multithreading enabled for timing update using a maximum of 8 CPUs
WARNING: [Timing 38-436] There are set_bus_skew constraint(s) in this design. Please run report_bus_skew to ensure that bus skew requirements are met.
report_timing_summary: Time (s): cpu = 00:00:17 ; elapsed = 00:00:06 . Memory (MB): peak = 12294.266 ; gain = 17.984 ; free physical = 12166 ; free virtual = 88055
exit
INFO: [Common 17-206] Exiting Vivado at Wed Feb 19 10:01:29 2025...
